Apr-10,Apr-11,Apr-12,Apr-13,Apr-14,Apr-15,Apr-16,Apr-17,Apr-18,Apr-19,Apr-20,Apr-21,Aug-10,Aug-11,Aug-12,Aug-13,Aug-14,Aug-15,Aug-16,Aug-17,Aug-18,Aug-19,Aug-20,Aug-21,Dec-10,Dec-11,Dec-12,Dec-13,Dec-14,Dec-15,Dec-16,Dec-17,Dec-18,Dec-19,Dec-20,Feb-10,Feb-11,Feb-12,Feb-13,Feb-14,Feb-15,Feb-16,Feb-17,Feb-18,Feb-19,Feb-20,Feb-21,Jan-10,Jan-11,Jan-12,Jan-13,Jan-14,Jan-15,Jan-16,Jan-17,Jan-18,Jan-19,Jan-20,Jan-21,Jul-10,Jul-11,Jul-12,Jul-13,Jul-15,Jul-16,Jul-17,Jul-18,Jul-19,Jul-20,Jul-21,Jun-10,Jun-11,Jun-12,Jun-13,Jun-14,Jun-15,Jun-16,Jun-17,Jun-18,Jun-19,Jun-20,Jun-21,Mar-10,Mar-11,Mar-12,Mar-13,Mar-14,Mar-15,Mar-16,Mar-17,Mar-18,Mar-19,Mar-20,Mar-21,May-10,May-11,May-12,May-13,May-14,May-15,May-16,May-17,May-18,May-19,May-20,May-21,Nov-10,Nov-11,Nov-12,Nov-13,Nov-14,Nov-15,Nov-16,Nov-17,Nov-18,Nov-19,Nov-20,Nov-21,Oct-10,Oct-11,Oct-12,Oct-13,Oct-14,Oct-15,Oct-16,Oct-17,Oct-18,Oct-19,Oct-20,Oct-21,Sep-11,Sep-12,Sep-13,Sep-14,Sep-15,Sep-16,Sep-17,Sep-18,Sep-19,Sep-20,Sep-21
ABB,ACC,ACC,ACC,ACC,ASIANPAINT,ACC,ACC,ADANIPORTS,ADANIPORTS,ADANIPORTS,ADANIPORTS,ABB,ACC,ACC,ACC,ACC,ACC,ACC,ACC,ADANIPORTS,ADANIPORTS,ADANIPORTS,ADANIPORTS,ACC,ACC,ACC,ACC,ACC,ACC,ACC,ADANIPORTS,ADANIPORTS,ADANIPORTS,ADANIPORTS,ABB,ACC,ACC,ACC,ACC,ACC,ACC,ACC,ADANIPORTS,ADANIPORTS,ADANIPORTS,ADANIPORTS,ABB,ACC,ACC,ACC,ACC,ACC,ACC,ADANIPORTS,ADANIPORTS,ADANIPORTS,ADANIPORTS,ADANIPORTS,ABB,ACC,ACC,ACC,ACC,ACC,ACC,ADANIPORTS,ADANIPORTS,ADANIPORTS,ADANIPORTS,ABB,ACC,ACC,ACC,ACC,ACC,ACC,ACC,ADANIPORTS,ADANIPORTS,ADANIPORTS,ADANIPORTS,ABB,ACC,ACC,ACC,ACC,ACC,ACC,ACC,ADANIPORTS,ADANIPORTS,ADANIPORTS,ADANIPORTS,ABB,ACC,ACC,ACC,ACC,ACC,ACC,ACC,ACC,ADANIPORTS,ADANIPORTS,ADANIPORTS,ACC,ACC,ACC,ACC,ACC,ACC,ACC,ADANIPORTS,ADANIPORTS,ADANIPORTS,ADANIPORTS,ADANIPORTS,ACC,ACC,ACC,ACC,ACC,ACC,ACC,ADANIPORTS,ADANIPORTS,ADANIPORTS,ADANIPORTS,ADANIPORTS,ACC,ACC,ACC,ACC,ACC,ACC,ADANIPORTS,ADANIPORTS,ADANIPORTS,ADANIPORTS,ADANIPORTS
ACC,AMBUJACEM,AMBUJACEM,AMBUJACEM,AMBUJACEM,ACC,ADANIPORTS,ADANIPORTS,ASIANPAINT,ASIANPAINT,ASIANPAINT,ASIANPAINT,ACC,AMBUJACEM,AMBUJACEM,AMBUJACEM,AMBUJACEM,AMBUJACEM,ADANIPORTS,ADANIPORTS,ASIANPAINT,ASIANPAINT,ASIANPAINT,ASIANPAINT,AMBUJACEM,AMBUJACEM,AMBUJACEM,AMBUJACEM,AMBUJACEM,ADANIPORTS,ADANIPORTS,AMBUJACEM,ASIANPAINT,ASIANPAINT,ASIANPAINT,ACC,AMBUJACEM,AMBUJACEM,AMBUJACEM,AMBUJACEM,AMBUJACEM,ADANIPORTS,ADANIPORTS,AMBUJACEM,ASIANPAINT,ASIANPAINT,ASIANPAINT,ACC,AMBUJACEM,AMBUJACEM,AMBUJACEM,AMBUJACEM,AMBUJACEM,ADANIPORTS,AMBUJACEM,AMBUJACEM,ASIANPAINT,ASIANPAINT,ASIANPAINT,ACC,AMBUJACEM,AMBUJACEM,AMBUJACEM,AMBUJACEM,ADANIPORTS,ADANIPORTS,ASIANPAINT,ASIANPAINT,ASIANPAINT,ASIANPAINT,ACC,AMBUJACEM,AMBUJACEM,AMBUJACEM,AMBUJACEM,AMBUJACEM,ADANIPORTS,ADANIPORTS,ASIANPAINT,ASIANPAINT,ASIANPAINT,ASIANPAINT,ACC,AMBUJACEM,AMBUJACEM,AMBUJACEM,AMBUJACEM,AMBUJACEM,ADANIPORTS,ADANIPORTS,AMBUJACEM,ASIANPAINT,ASIANPAINT,ASIANPAINT,ACC,AMBUJACEM,AMBUJACEM,AMBUJACEM,AMBUJACEM,AMBUJACEM,ADANIPORTS,ADANIPORTS,ADANIPORTS,ASIANPAINT,ASIANPAINT,ASIANPAINT,AMBUJACEM,AMBUJACEM,AMBUJACEM,AMBUJACEM,AMBUJACEM,ADANIPORTS,ADANIPORTS,AMBUJACEM,ASIANPAINT,ASIANPAINT,ASIANPAINT,ASIANPAINT,AMBUJACEM,AMBUJACEM,AMBUJACEM,AMBUJACEM,AMBUJACEM,ADANIPORTS,ADANIPORTS,AMBUJACEM,ASIANPAINT,ASIANPAINT,ASIANPAINT,ASIANPAINT,AMBUJACEM,AMBUJACEM,AMBUJACEM,AMBUJACEM,ADANIPORTS,ADANIPORTS,AMBUJACEM,ASIANPAINT,ASIANPAINT,ASIANPAINT,ASIANPAINT
AMBUJACEM,AXISBANK,ASIANPAINT,ASIANPAINT,ASIANPAINT,BAJAJ-AUTO,AMBUJACEM,AMBUJACEM,AXISBANK,AXISBANK,AXISBANK,AXISBANK,AMBUJACEM,AXISBANK,ASIANPAINT,ASIANPAINT,ASIANPAINT,ASIANPAINT,AMBUJACEM,AMBUJACEM,AXISBANK,AXISBANK,AXISBANK,AXISBANK,AXISBANK,AXISBANK,ASIANPAINT,ASIANPAINT,ASIANPAINT,AMBUJACEM,AMBUJACEM,ASIANPAINT,AXISBANK,AXISBANK,AXISBANK,AMBUJACEM,AXISBANK,AXISBANK,ASIANPAINT,ASIANPAINT,ASIANPAINT,AMBUJACEM,AMBUJACEM,ASIANPAINT,AXISBANK,AXISBANK,AXISBANK,AMBUJACEM,AXISBANK,AXISBANK,ASIANPAINT,ASIANPAINT,ASIANPAINT,AMBUJACEM,ASIANPAINT,ASIANPAINT,AXISBANK,AXISBANK,AXISBANK,AMBUJACEM,AXISBANK,ASIANPAINT,ASIANPAINT,ASIANPAINT,AMBUJACEM,AMBUJACEM,AXISBANK,AXISBANK,AXISBANK,AXISBANK,AMBUJACEM,AXISBANK,ASIANPAINT,ASIANPAINT,ASIANPAINT,ASIANPAINT,AMBUJACEM,AMBUJACEM,AXISBANK,AXISBANK,AXISBANK,AXISBANK,AMBUJACEM,AXISBANK,AXISBANK,ASIANPAINT,ASIANPAINT,ASIANPAINT,AMBUJACEM,AMBUJACEM,ASIANPAINT,AXISBANK,AXISBANK,AXISBANK,AMBUJACEM,AXISBANK,ASIANPAINT,ASIANPAINT,ASIANPAINT,ASIANPAINT,AMBUJACEM,AMBUJACEM,AMBUJACEM,AXISBANK,AXISBANK,AXISBANK,AXISBANK,AXISBANK,ASIANPAINT,ASIANPAINT,ASIANPAINT,AMBUJACEM,AMBUJACEM,ASIANPAINT,AXISBANK,AXISBANK,AXISBANK,AXISBANK,AXISBANK,AXISBANK,ASIANPAINT,ASIANPAINT,ASIANPAINT,AMBUJACEM,AMBUJACEM,ASIANPAINT,AXISBANK,AXISBANK,AXISBANK,AXISBANK,AXISBANK,ASIANPAINT,ASIANPAINT,ASIANPAINT,AMBUJACEM,AMBUJACEM,ASIANPAINT,AXISBANK,AXISBANK,AXISBANK,AXISBANK
AXISBANK,BAJAJ-AUTO,AXISBANK,AXISBANK,AXISBANK,BHEL,ASIANPAINT,ASIANPAINT,BAJAJ-AUTO,BAJAJ-AUTO,BAJAJ-AUTO,BAJAJ-AUTO,AXISBANK,BAJAJ-AUTO,AXISBANK,AXISBANK,AXISBANK,AXISBANK,ASIANPAINT,ASIANPAINT,BAJAJ-AUTO,BAJAJ-AUTO,BAJAJ-AUTO,BAJAJ-AUTO,BAJAJ-AUTO,BAJAJ-AUTO,AXISBANK,AXISBANK,AXISBANK,ASIANPAINT,ASIANPAINT,AUROPHARMA,BAJAJ-AUTO,BAJAJ-AUTO,BAJAJ-AUTO,AXISBANK,BAJAJ-AUTO,BAJAJ-AUTO,AXISBANK,AXISBANK,AXISBANK,ASIANPAINT,ASIANPAINT,AUROPHARMA,BAJAJ-AUTO,BAJAJ-AUTO,BAJAJ-AUTO,AXISBANK,BAJAJ-AUTO,BAJAJ-AUTO,AXISBANK,AXISBANK,AXISBANK,ASIANPAINT,AUROPHARMA,AUROPHARMA,BAJAJ-AUTO,BAJAJ-AUTO,BAJAJ-AUTO,AXISBANK,BAJAJ-AUTO,AXISBANK,AXISBANK,AXISBANK,ASIANPAINT,ASIANPAINT,BAJAJ-AUTO,BAJAJ-AUTO,BAJAJ-AUTO,BAJAJ-AUTO,AXISBANK,BAJAJ-AUTO,AXISBANK,AXISBANK,AXISBANK,AXISBANK,ASIANPAINT,ASIANPAINT,BAJAJ-AUTO,BAJAJ-AUTO,BAJAJ-AUTO,BAJAJ-AUTO,AXISBANK,BAJAJ-AUTO,BAJAJ-AUTO,AXISBANK,AXISBANK,AXISBANK,ASIANPAINT,ASIANPAINT,AUROPHARMA,BAJAJ-AUTO,BAJAJ-AUTO,BAJAJ-AUTO,AXISBANK,BAJAJ-AUTO,AXISBANK,AXISBANK,AXISBANK,AXISBANK,ASIANPAINT,ASIANPAINT,ASIANPAINT,BAJAJ-AUTO,BAJAJ-AUTO,BAJAJ-AUTO,BAJAJ-AUTO,BAJAJ-AUTO,AXISBANK,AXISBANK,AXISBANK,ASIANPAINT,ASIANPAINT,AUROPHARMA,BAJAJ-AUTO,BAJAJ-AUTO,BAJAJ-AUTO,BAJAJ-AUTO,BAJAJ-AUTO,BAJAJ-AUTO,AXISBANK,AXISBANK,AXISBANK,ASIANPAINT,ASIANPAINT,AUROPHARMA,BAJAJ-AUTO,BAJAJ-AUTO,BAJAJ-AUTO,BAJAJ-AUTO,BAJAJ-AUTO,AXISBANK,AXISBANK,AXISBANK,ASIANPAINT,ASIANPAINT,AUROPHARMA,BAJAJ-AUTO,BAJAJ-AUTO,BAJAJ-AUTO,BAJAJ-AUTO
BHEL,BHEL,BAJAJ-AUTO,BAJAJ-AUTO,BAJAJ-AUTO,BPCL,AUROPHARMA,AUROPHARMA,BAJFINANCE,BAJFINANCE,BAJFINANCE,BAJFINANCE,BHEL,BHARTIARTL,BAJAJ-AUTO,BAJAJ-AUTO,BAJAJ-AUTO,BAJAJ-AUTO,AUROPHARMA,AUROPHARMA,BAJFINANCE,BAJFINANCE,BAJFINANCE,BAJFINANCE,BHEL,BHARTIARTL,BAJAJ-AUTO,BAJAJ-AUTO,BAJAJ-AUTO,AXISBANK,AUROPHARMA,AXISBANK,BAJFINANCE,BAJFINANCE,BAJFINANCE,BHARTIARTL,BHEL,BHARTIARTL,BAJAJ-AUTO,BAJAJ-AUTO,BAJAJ-AUTO,AXISBANK,AUROPHARMA,AXISBANK,BAJFINANCE,BAJFINANCE,BAJFINANCE,BHARTIARTL,BHEL,BHARTIARTL,BAJAJ-AUTO,BAJAJ-AUTO,BAJAJ-AUTO,AXISBANK,AXISBANK,AXISBANK,BAJFINANCE,BAJFINANCE,BAJFINANCE,BHEL,BHARTIARTL,BAJAJ-AUTO,BAJAJ-AUTO,BAJAJ-AUTO,AUROPHARMA,AUROPHARMA,BAJAJFINSV,BAJFINANCE,BAJFINANCE,BAJFINANCE,BHEL,BHARTIARTL,BAJAJ-AUTO,BAJAJ-AUTO,BAJAJ-AUTO,BAJAJ-AUTO,AUROPHARMA,AUROPHARMA,BAJFINANCE,BAJFINANCE,BAJFINANCE,BAJFINANCE,BHARTIARTL,BHEL,BHEL,BAJAJ-AUTO,BAJAJ-AUTO,BAJAJ-AUTO,AXISBANK,AUROPHARMA,AXISBANK,BAJFINANCE,BAJFINANCE,BAJFINANCE,BHEL,BHARTIARTL,BAJAJ-AUTO,BAJAJ-AUTO,BAJAJ-AUTO,BAJAJ-AUTO,AUROPHARMA,AUROPHARMA,AUROPHARMA,BAJFINANCE,BAJFINANCE,BAJFINANCE,BHEL,BHARTIARTL,BAJAJ-AUTO,BAJAJ-AUTO,BAJAJ-AUTO,AXISBANK,AUROPHARMA,AXISBANK,BAJFINANCE,BAJFINANCE,BAJFINANCE,BAJFINANCE,BHEL,BHEL,BAJAJ-AUTO,BAJAJ-AUTO,BAJAJ-AUTO,AXISBANK,AUROPHARMA,AXISBANK,BAJFINANCE,BAJFINANCE,BAJFINANCE,BAJFINANCE,BHARTIARTL,BAJAJ-AUTO,BAJAJ-AUTO,BAJAJ-AUTO,AXISBANK,AUROPHARMA,AXISBANK,BAJFINANCE,BAJFINANCE,BAJFINANCE,BAJFINANCE
BPCL,BPCL,BANKBARODA,BANKBARODA,BANKBARODA,CIPLA,AXISBANK,AXISBANK,BAJAJFINSV,BAJAJFINSV,BAJAJFINSV,BAJAJFINSV,BPCL,BHEL,BANKBARODA,BANKBARODA,BANKBARODA,BANKBARODA,AXISBANK,AXISBANK,BAJAJFINSV,BAJAJFINSV,BAJAJFINSV,BAJAJFINSV,BPCL,BHEL,BANKBARODA,BANKBARODA,BANKBARODA,BAJAJ-AUTO,AXISBANK,BAJAJ-AUTO,BAJAJFINSV,BAJAJFINSV,BAJAJFINSV,BHEL,BPCL,BHEL,BANKBARODA,BANKBARODA,BANKBARODA,BAJAJ-AUTO,AXISBANK,BAJAJ-AUTO,BAJAJFINSV,BAJAJFINSV,BAJAJFINSV,BHEL,BPCL,BHEL,BANKBARODA,BANKBARODA,BANKBARODA,BAJAJ-AUTO,BAJAJ-AUTO,BAJAJ-AUTO,BAJAJFINSV,BAJAJFINSV,BAJAJFINSV,BPCL,BHEL,BANKBARODA,BANKBARODA,BANKBARODA,AXISBANK,AXISBANK,BAJFINANCE,BAJAJFINSV,BAJAJFINSV,BAJAJFINSV,BPCL,BHEL,BANKBARODA,BANKBARODA,BANKBARODA,BANKBARODA,AXISBANK,AXISBANK,BAJAJFINSV,BAJAJFINSV,BAJAJFINSV,BAJAJFINSV,BHEL,BPCL,BPCL,BANKBARODA,BANKBARODA,BANKBARODA,BAJAJ-AUTO,AXISBANK,BAJAJ-AUTO,BAJAJFINSV,BAJAJFINSV,BAJAJFINSV,BPCL,BHEL,BANKBARODA,BANKBARODA,BANKBARODA,BANKBARODA,AXISBANK,AXISBANK,AXISBANK,BAJAJFINSV,BAJAJFINSV,BAJAJFINSV,BPCL,BHEL,BANKBARODA,BANKBARODA,BANKBARODA,BAJAJ-AUTO,AXISBANK,BAJAJ-AUTO,BAJAJFINSV,BAJAJFINSV,BAJAJFINSV,BAJAJFINSV,BPCL,BPCL,BANKBARODA,BANKBARODA,BANKBARODA,BAJAJ-AUTO,AXISBANK,BAJAJ-AUTO,BAJAJFINSV,BAJAJFINSV,BAJAJFINSV,BAJAJFINSV,BHEL,BANKBARODA,BANKBARODA,BANKBARODA,BAJAJ-AUTO,AXISBANK,BAJAJ-AUTO,BAJAJFINSV,BAJAJFINSV,BAJAJFINSV,BAJAJFINSV
BHARTIARTL,BHARTIARTL,BHARTIARTL,BHARTIARTL,BHARTIARTL,DRREDDY,BAJAJ-AUTO,BAJAJ-AUTO,BPCL,BPCL,BPCL,BPCL,BHARTIARTL,BPCL,BHARTIARTL,BHARTIARTL,BHARTIARTL,BHARTIARTL,BAJAJ-AUTO,BAJAJ-AUTO,BPCL,BPCL,BPCL,BPCL,BHARTIARTL,BPCL,BHARTIARTL,BHARTIARTL,BHARTIARTL,BANKBARODA,BAJAJ-AUTO,BAJFINANCE,BPCL,BPCL,BPCL,BPCL,BHARTIARTL,BPCL,BHARTIARTL,BHARTIARTL,BHARTIARTL,BANKBARODA,BAJAJ-AUTO,BAJFINANCE,BPCL,BPCL,BPCL,BPCL,BHARTIARTL,BPCL,BHARTIARTL,BHARTIARTL,BHARTIARTL,BANKBARODA,BAJFINANCE,BAJFINANCE,BPCL,BPCL,BPCL,BHARTIARTL,BPCL,BHARTIARTL,BHARTIARTL,BHARTIARTL,BAJAJ-AUTO,BAJAJ-AUTO,BHARTIARTL,BPCL,BPCL,BPCL,BHARTIARTL,BPCL,BHARTIARTL,BHARTIARTL,BHARTIARTL,BHARTIARTL,BAJAJ-AUTO,BAJAJ-AUTO,BPCL,BPCL,BPCL,BPCL,BPCL,BHARTIARTL,BHARTIARTL,BHEL,BHARTIARTL,BHARTIARTL,BANKBARODA,BAJAJ-AUTO,BAJFINANCE,BPCL,BPCL,BPCL,BHARTIARTL,BPCL,BHARTIARTL,BHEL,BHARTIARTL,BHARTIARTL,BAJAJ-AUTO,BAJAJ-AUTO,BAJAJ-AUTO,BPCL,BPCL,BPCL,BHARTIARTL,BPCL,BHEL,BHARTIARTL,BHARTIARTL,BANKBARODA,BAJAJ-AUTO,BAJFINANCE,BPCL,BPCL,BPCL,BPCL,BHARTIARTL,BHARTIARTL,BHARTIARTL,BHARTIARTL,BHARTIARTL,BANKBARODA,BAJAJ-AUTO,BAJFINANCE,BPCL,BPCL,BPCL,BPCL,BPCL,BHARTIARTL,BHARTIARTL,BHARTIARTL,BANKBARODA,BAJAJ-AUTO,BAJFINANCE,BPCL,BPCL,BPCL,BPCL
CAIRN,CAIRN,BHEL,BHEL,BHEL,GRASIM,BANKBARODA,BANKBARODA,BHARTIARTL,BHARTIARTL,BHARTIARTL,BHARTIARTL,CAIRN,CAIRN,BHEL,BHEL,BHEL,BHEL,BANKBARODA,BANKBARODA,BHARTIARTL,BHARTIARTL,BHARTIARTL,BHARTIARTL,CAIRN,CAIRN,BHEL,BHEL,BHEL,BHEL,BANKBARODA,BPCL,BHARTIARTL,BHARTIARTL,BHARTIARTL,CAIRN,CAIRN,CAIRN,BHEL,BHEL,BHEL,BHEL,BANKBARODA,BPCL,BHARTIARTL,BHARTIARTL,BHARTIARTL,CAIRN,CAIRN,CAIRN,BHEL,BHEL,BHEL,BHEL,BPCL,BPCL,BHARTIARTL,BHARTIARTL,BHARTIARTL,CAIRN,CAIRN,BHEL,BHEL,BHEL,BANKBARODA,BANKBARODA,BPCL,BHARTIARTL,BHARTIARTL,BHARTIARTL,CAIRN,CAIRN,BHEL,BHEL,BHEL,BHEL,BANKBARODA,BANKBARODA,BHARTIARTL,BHARTIARTL,BHARTIARTL,BHARTIARTL,CAIRN,CAIRN,CAIRN,BPCL,BHEL,BHEL,BHEL,BANKBARODA,BPCL,BHARTIARTL,BHARTIARTL,BHARTIARTL,CAIRN,CAIRN,BHEL,BPCL,BHEL,BHEL,BANKBARODA,BANKBARODA,BANKBARODA,BHARTIARTL,BHARTIARTL,BHARTIARTL,CAIRN,CAIRN,BPCL,BHEL,BHEL,BHEL,BANKBARODA,BPCL,BHARTIARTL,BHARTIARTL,BHARTIARTL,BHARTIARTL,CAIRN,CAIRN,BHEL,BHEL,BHEL,BHEL,BANKBARODA,BPCL,BHARTIARTL,BHARTIARTL,BHARTIARTL,BHARTIARTL,CAIRN,BHEL,BHEL,BHEL,BHARTIARTL,BANKBARODA,BPCL,BHARTIARTL,BHARTIARTL,BHARTIARTL,BHARTIARTL
CIPLA,CIPLA,BPCL,BPCL,BPCL,AMBUJACEM,BHEL,BPCL,INFRATEL,INFRATEL,INFRATEL,BRITANNIA,CIPLA,CIPLA,BPCL,BPCL,BPCL,BOSCHLTD,BHEL,BPCL,INFRATEL,INFRATEL,INFRATEL,BRITANNIA,CIPLA,CIPLA,BPCL,BPCL,BPCL,BPCL,BHEL,BHARTIARTL,INFRATEL,INFRATEL,BRITANNIA,CIPLA,CIPLA,CIPLA,BPCL,BPCL,BPCL,BPCL,BHEL,BHARTIARTL,INFRATEL,INFRATEL,BRITANNIA,CIPLA,CIPLA,CIPLA,BPCL,BPCL,BPCL,BPCL,BHARTIARTL,BHARTIARTL,INFRATEL,INFRATEL,BRITANNIA,CIPLA,CIPLA,BPCL,BPCL,BOSCHLTD,BHEL,BPCL,CIPLA,INFRATEL,INFRATEL,BRITANNIA,CIPLA,CIPLA,BPCL,BPCL,BPCL,BOSCHLTD,BHEL,BPCL,INFRATEL,INFRATEL,INFRATEL,BRITANNIA,CIPLA,CIPLA,CIPLA,BHARTIARTL,BPCL,BPCL,BPCL,BPCL,BHARTIARTL,INFRATEL,INFRATEL,BRITANNIA,CIPLA,CIPLA,BPCL,BHARTIARTL,BPCL,BOSCHLTD,BHEL,BPCL,BPCL,INFRATEL,INFRATEL,BRITANNIA,CIPLA,CIPLA,BHARTIARTL,BPCL,BPCL,BPCL,BHEL,BHARTIARTL,INFRATEL,INFRATEL,BRITANNIA,BRITANNIA,CIPLA,CIPLA,BPCL,BPCL,BPCL,BPCL,BHEL,BHARTIARTL,INFRATEL,INFRATEL,BRITANNIA,BRITANNIA,CIPLA,BPCL,BPCL,BPCL,BHEL,BHEL,BHARTIARTL,INFRATEL,INFRATEL,BRITANNIA,BRITANNIA
DLF,DLF,CAIRN,CAIRN,CAIRN,HDFCBANK,BPCL,BHARTIARTL,CIPLA,BRITANNIA,BRITANNIA,CIPLA,DLF,DLF,CAIRN,CAIRN,CAIRN,BPCL,BPCL,BHARTIARTL,CIPLA,BRITANNIA,BRITANNIA,CIPLA,DLF,COALINDIA,CAIRN,CAIRN,CAIRN,BHARTIARTL,BPCL,INFRATEL,CIPLA,BRITANNIA,CIPLA,DLF,DLF,COALINDIA,CAIRN,CAIRN,CAIRN,BHARTIARTL,BPCL,INFRATEL,CIPLA,BRITANNIA,CIPLA,DLF,DLF,COALINDIA,CAIRN,CAIRN,CAIRN,BHARTIARTL,INFRATEL,INFRATEL,CIPLA,BRITANNIA,CIPLA,DLF,DLF,CAIRN,CAIRN,BPCL,BPCL,BHARTIARTL,COALINDIA,BRITANNIA,BRITANNIA,CIPLA,DLF,DLF,CAIRN,CAIRN,CAIRN,BPCL,BPCL,BHARTIARTL,CIPLA,BRITANNIA,BRITANNIA,CIPLA,DLF,DLF,COALINDIA,CAIRN,CAIRN,CAIRN,BHARTIARTL,BHARTIARTL,INFRATEL,BRITANNIA,BRITANNIA,CIPLA,DLF,DLF,CAIRN,CAIRN,CAIRN,BPCL,BPCL,BHARTIARTL,BHARTIARTL,BRITANNIA,BRITANNIA,CIPLA,DLF,COALINDIA,CAIRN,CAIRN,CAIRN,BHARTIARTL,BPCL,INFRATEL,CIPLA,BRITANNIA,CIPLA,CIPLA,DLF,COALINDIA,CAIRN,CAIRN,CAIRN,BHARTIARTL,BPCL,INFRATEL,CIPLA,BRITANNIA,CIPLA,CIPLA,DLF,CAIRN,CAIRN,CAIRN,BOSCHLTD,BPCL,INFRATEL,CIPLA,BRITANNIA,CIPLA,CIPLA
GAIL,DRREDDY,CIPLA,CIPLA,CIPLA,HEROMOTOCO,BHARTIARTL,INFRATEL,COALINDIA,CIPLA,CIPLA,COALINDIA,GAIL,DRREDDY,CIPLA,CIPLA,CIPLA,CAIRN,BHARTIARTL,INFRATEL,COALINDIA,CIPLA,CIPLA,COALINDIA,DRREDDY,DLF,CIPLA,CIPLA,CIPLA,BOSCHLTD,BHARTIARTL,BOSCHLTD,COALINDIA,CIPLA,COALINDIA,GAIL,DRREDDY,DLF,CIPLA,CIPLA,CIPLA,BOSCHLTD,BHARTIARTL,BOSCHLTD,COALINDIA,CIPLA,COALINDIA,GAIL,DRREDDY,DLF,CIPLA,CIPLA,CIPLA,BOSCHLTD,BOSCHLTD,BOSCHLTD,COALINDIA,CIPLA,COALINDIA,GAIL,DRREDDY,CIPLA,CIPLA,CAIRN,BHARTIARTL,INFRATEL,DRREDDY,CIPLA,CIPLA,COALINDIA,GAIL,DRREDDY,CIPLA,CIPLA,CIPLA,CAIRN,BHARTIARTL,INFRATEL,COALINDIA,CIPLA,CIPLA,COALINDIA,GAIL,DRREDDY,DLF,CIPLA,CIPLA,CIPLA,BOSCHLTD,INFRATEL,BOSCHLTD,CIPLA,CIPLA,COALINDIA,GAIL,DRREDDY,CIPLA,CIPLA,CIPLA,CAIRN,BHARTIARTL,INFRATEL,INFRATEL,CIPLA,CIPLA,COALINDIA,DRREDDY,DLF,CIPLA,CIPLA,CIPLA,BOSCHLTD,BHARTIARTL,BOSCHLTD,COALINDIA,CIPLA,COALINDIA,COALINDIA,DRREDDY,DLF,CIPLA,CIPLA,CIPLA,BOSCHLTD,BHARTIARTL,BOSCHLTD,COALINDIA,CIPLA,COALINDIA,COALINDIA,DRREDDY,CIPLA,CIPLA,CIPLA,BPCL,BHARTIARTL,BOSCHLTD,COALINDIA,CIPLA,COALINDIA,COALINDIA
HCLTECH,GAIL,COALINDIA,COALINDIA,COALINDIA,HINDALCO,INFRATEL,BOSCHLTD,DRREDDY,COALINDIA,COALINDIA,DIVISLAB,HCLTECH,GAIL,COALINDIA,COALINDIA,COALINDIA,CIPLA,INFRATEL,BOSCHLTD,DRREDDY,COALINDIA,COALINDIA,DIVISLAB,GAIL,DRREDDY,COALINDIA,COALINDIA,COALINDIA,CAIRN,INFRATEL,CIPLA,DRREDDY,COALINDIA,DIVISLAB,GRASIM,GAIL,DRREDDY,COALINDIA,COALINDIA,COALINDIA,CAIRN,INFRATEL,CIPLA,DRREDDY,COALINDIA,DIVISLAB,GRASIM,GAIL,DRREDDY,COALINDIA,COALINDIA,COALINDIA,CAIRN,CIPLA,CIPLA,DRREDDY,COALINDIA,DIVISLAB,HCLTECH,GAIL,COALINDIA,COALINDIA,CIPLA,INFRATEL,BOSCHLTD,EICHERMOT,COALINDIA,COALINDIA,DIVISLAB,HCLTECH,GAIL,COALINDIA,COALINDIA,COALINDIA,CIPLA,INFRATEL,BOSCHLTD,DRREDDY,COALINDIA,COALINDIA,DIVISLAB,GRASIM,GAIL,DRREDDY,COALINDIA,COALINDIA,COALINDIA,CAIRN,BOSCHLTD,CIPLA,COALINDIA,COALINDIA,DIVISLAB,HCLTECH,GAIL,COALINDIA,COALINDIA,COALINDIA,CIPLA,INFRATEL,BOSCHLTD,BOSCHLTD,COALINDIA,COALINDIA,DIVISLAB,GAIL,DRREDDY,COALINDIA,COALINDIA,COALINDIA,CAIRN,INFRATEL,CIPLA,DRREDDY,COALINDIA,DIVISLAB,DIVISLAB,GAIL,DRREDDY,COALINDIA,COALINDIA,COALINDIA,CAIRN,INFRATEL,CIPLA,DRREDDY,COALINDIA,DIVISLAB,DIVISLAB,GAIL,COALINDIA,COALINDIA,COALINDIA,CAIRN,INFRATEL,CIPLA,DRREDDY,COALINDIA,DIVISLAB,DIVISLAB
HDFCBANK,GRASIM,DLF,DLF,DLF,HINDUNILVR,BOSCHLTD,CIPLA,EICHERMOT,DRREDDY,DRREDDY,DRREDDY,HDFCBANK,GRASIM,DLF,DLF,DLF,COALINDIA,BOSCHLTD,CIPLA,EICHERMOT,DRREDDY,DRREDDY,DRREDDY,HCLTECH,GAIL,DLF,DLF,DLF,CIPLA,BOSCHLTD,COALINDIA,EICHERMOT,DRREDDY,DRREDDY,HCLTECH,HCLTECH,GAIL,DLF,DLF,DLF,CIPLA,BOSCHLTD,COALINDIA,EICHERMOT,DRREDDY,DRREDDY,HCLTECH,HCLTECH,GAIL,DLF,DLF,DLF,CIPLA,COALINDIA,COALINDIA,EICHERMOT,DRREDDY,DRREDDY,HDFCBANK,GRASIM,DLF,DLF,COALINDIA,BOSCHLTD,CIPLA,GAIL,DRREDDY,DRREDDY,DRREDDY,HDFCBANK,GRASIM,DLF,DLF,DLF,COALINDIA,BOSCHLTD,CIPLA,EICHERMOT,DRREDDY,DRREDDY,DRREDDY,HCLTECH,GRASIM,GAIL,DLF,DLF,DRREDDY,CIPLA,CIPLA,COALINDIA,DRREDDY,DRREDDY,DRREDDY,HDFCBANK,GRASIM,DLF,DLF,DLF,COALINDIA,BOSCHLTD,CIPLA,CIPLA,DRREDDY,DRREDDY,DRREDDY,HCLTECH,GAIL,DLF,DLF,DLF,CIPLA,BOSCHLTD,COALINDIA,EICHERMOT,DRREDDY,DRREDDY,DRREDDY,HCLTECH,GAIL,DLF,DLF,DLF,CIPLA,BOSCHLTD,COALINDIA,EICHERMOT,DRREDDY,DRREDDY,DRREDDY,GRASIM,DLF,DLF,DLF,CIPLA,BOSCHLTD,COALINDIA,EICHERMOT,DRREDDY,DRREDDY,DRREDDY
HEROHONDA,HCLTECH,DRREDDY,DRREDDY,DRREDDY,HDFC,CIPLA,COALINDIA,GAIL,EICHERMOT,EICHERMOT,EICHERMOT,HEROHONDA,HCLTECH,DRREDDY,DRREDDY,DRREDDY,DRREDDY,CIPLA,COALINDIA,GAIL,EICHERMOT,EICHERMOT,EICHERMOT,HDFCBANK,GRASIM,DRREDDY,DRREDDY,DRREDDY,COALINDIA,CIPLA,DRREDDY,GAIL,EICHERMOT,EICHERMOT,HDFC,HDFCBANK,GRASIM,DRREDDY,DRREDDY,DRREDDY,COALINDIA,CIPLA,DRREDDY,GAIL,EICHERMOT,EICHERMOT,HDFC,HDFCBANK,GRASIM,DRREDDY,DRREDDY,DRREDDY,COALINDIA,DRREDDY,DRREDDY,GAIL,EICHERMOT,EICHERMOT,HEROHONDA,HCLTECH,DRREDDY,DRREDDY,DRREDDY,CIPLA,COALINDIA,GRASIM,EICHERMOT,EICHERMOT,EICHERMOT,HEROHONDA,HCLTECH,DRREDDY,DRREDDY,DRREDDY,DRREDDY,CIPLA,COALINDIA,GAIL,EICHERMOT,EICHERMOT,EICHERMOT,HDFC,HCLTECH,GRASIM,DRREDDY,DRREDDY,GAIL,COALINDIA,COALINDIA,DRREDDY,EICHERMOT,EICHERMOT,EICHERMOT,HEROHONDA,HCLTECH,DRREDDY,DRREDDY,DRREDDY,DRREDDY,CIPLA,COALINDIA,COALINDIA,EICHERMOT,EICHERMOT,EICHERMOT,HDFCBANK,GRASIM,DRREDDY,DRREDDY,DRREDDY,COALINDIA,CIPLA,DRREDDY,GAIL,EICHERMOT,EICHERMOT,EICHERMOT,HDFCBANK,GRASIM,DRREDDY,DRREDDY,DRREDDY,COALINDIA,CIPLA,DRREDDY,GAIL,EICHERMOT,EICHERMOT,EICHERMOT,HCLTECH,DRREDDY,DRREDDY,DRREDDY,COALINDIA,CIPLA,DRREDDY,GAIL,EICHERMOT,EICHERMOT,EICHERMOT
HINDALCO,HDFCBANK,GAIL,GAIL,GAIL,INFY,COALINDIA,DRREDDY,GRASIM,GAIL,GAIL,GRASIM,HINDALCO,HDFC,GAIL,GAIL,GAIL,GAIL,COALINDIA,DRREDDY,GRASIM,GAIL,GAIL,GRASIM,HEROHONDA,HCLTECH,GAIL,GAIL,GAIL,DRREDDY,COALINDIA,EICHERMOT,GRASIM,GAIL,GAIL,HDFCBANK,HEROHONDA,HCLTECH,GAIL,GAIL,GAIL,DRREDDY,COALINDIA,EICHERMOT,GRASIM,GAIL,GAIL,HDFCBANK,HEROHONDA,HCLTECH,GAIL,GAIL,GAIL,DRREDDY,EICHERMOT,EICHERMOT,GRASIM,GAIL,GAIL,HINDALCO,HDFC,GAIL,GAIL,GAIL,COALINDIA,DRREDDY,HCLTECH,GAIL,GAIL,GRASIM,HINDALCO,HDFC,GAIL,GAIL,GAIL,GAIL,COALINDIA,DRREDDY,GRASIM,GAIL,GAIL,GRASIM,HDFCBANK,HDFCBANK,HCLTECH,GAIL,GAIL,GRASIM,DRREDDY,DRREDDY,EICHERMOT,GAIL,GAIL,GRASIM,HINDALCO,HDFC,GAIL,GAIL,GAIL,GAIL,COALINDIA,DRREDDY,DRREDDY,GAIL,GAIL,GRASIM,HEROHONDA,HCLTECH,GAIL,GAIL,GAIL,DRREDDY,COALINDIA,EICHERMOT,GRASIM,GAIL,GAIL,GRASIM,HEROHONDA,HCLTECH,GAIL,GAIL,GAIL,DRREDDY,COALINDIA,EICHERMOT,GRASIM,GAIL,GAIL,GRASIM,HDFC,GAIL,GAIL,GAIL,DRREDDY,COALINDIA,EICHERMOT,GRASIM,GAIL,GAIL,GRASIM
HINDUNILVR,HEROHONDA,GRASIM,GRASIM,GRASIM,ITC,DRREDDY,EICHERMOT,HCLTECH,GRASIM,GRASIM,HCLTECH,HINDUNILVR,HDFCBANK,GRASIM,GRASIM,GRASIM,GRASIM,DRREDDY,EICHERMOT,HCLTECH,GRASIM,GRASIM,HCLTECH,HINDALCO,HDFC,GRASIM,GRASIM,GRASIM,GAIL,DRREDDY,GAIL,HCLTECH,GRASIM,GRASIM,HEROHONDA,HINDALCO,HDFC,GRASIM,GRASIM,GRASIM,GAIL,DRREDDY,GAIL,HCLTECH,GRASIM,GRASIM,HEROHONDA,HINDALCO,HDFC,GRASIM,GRASIM,GRASIM,GAIL,GAIL,GAIL,HCLTECH,GRASIM,GRASIM,HINDUNILVR,HDFCBANK,GRASIM,GRASIM,GRASIM,DRREDDY,EICHERMOT,HDFC,GRASIM,GRASIM,HCLTECH,HINDUNILVR,HDFCBANK,GRASIM,GRASIM,GRASIM,GRASIM,DRREDDY,EICHERMOT,HCLTECH,GRASIM,GRASIM,HCLTECH,HEROHONDA,HEROHONDA,HDFCBANK,GRASIM,GRASIM,HCLTECH,GAIL,EICHERMOT,GAIL,GRASIM,GRASIM,HCLTECH,HINDUNILVR,HDFCBANK,GRASIM,GRASIM,GRASIM,GRASIM,DRREDDY,EICHERMOT,EICHERMOT,GRASIM,GRASIM,HCLTECH,HINDALCO,HDFC,GRASIM,GRASIM,GRASIM,GAIL,DRREDDY,GAIL,HCLTECH,GRASIM,GRASIM,HCLTECH,HINDALCO,HDFCBANK,GRASIM,GRASIM,GRASIM,GAIL,DRREDDY,GAIL,HCLTECH,GRASIM,GRASIM,HCLTECH,HDFCBANK,GRASIM,GRASIM,GRASIM,GAIL,DRREDDY,GAIL,HCLTECH,GRASIM,GRASIM,HCLTECH
HDFC,HINDALCO,HCLTECH,HCLTECH,HCLTECH,KOTAKBANK,EICHERMOT,GAIL,HDFCBANK,HCLTECH,HCLTECH,HDFCBANK,HDFC,HEROMOTOCO,HCLTECH,HCLTECH,HCLTECH,HCLTECH,EICHERMOT,GAIL,HDFCBANK,HCLTECH,HCLTECH,HDFCBANK,HINDUNILVR,HDFCBANK,HCLTECH,HCLTECH,HCLTECH,GRASIM,EICHERMOT,HCLTECH,HDFCBANK,HCLTECH,HCLTECH,HINDALCO,HINDUNILVR,HDFCBANK,HCLTECH,HCLTECH,HCLTECH,GRASIM,EICHERMOT,HCLTECH,HDFCBANK,HCLTECH,HCLTECH,HINDALCO,HINDUNILVR,HDFCBANK,HCLTECH,HCLTECH,HCLTECH,GRASIM,HCLTECH,HCLTECH,HDFCBANK,HCLTECH,HCLTECH,HDFC,HEROHONDA,HCLTECH,HCLTECH,HCLTECH,EICHERMOT,GAIL,HDFCBANK,HCLTECH,HCLTECH,HDFCBANK,HDFC,HEROHONDA,HCLTECH,HCLTECH,HCLTECH,HCLTECH,EICHERMOT,GAIL,HDFCBANK,HCLTECH,HCLTECH,HDFCBANK,HINDALCO,HINDALCO,HEROMOTOCO,HCLTECH,HCLTECH,HDFC,GRASIM,GAIL,HCLTECH,HCLTECH,HCLTECH,HDFCBANK,HDFC,HEROHONDA,HCLTECH,HCLTECH,HCLTECH,HCLTECH,EICHERMOT,GAIL,GAIL,HCLTECH,HCLTECH,HDFCBANK,HINDUNILVR,HDFCBANK,HCLTECH,HCLTECH,HCLTECH,GRASIM,EICHERMOT,HCLTECH,HDFCBANK,HCLTECH,HCLTECH,HDFCBANK,HINDUNILVR,HEROMOTOCO,HCLTECH,HCLTECH,HCLTECH,GRASIM,EICHERMOT,HCLTECH,HDFCBANK,HCLTECH,HCLTECH,HDFCBANK,HEROMOTOCO,HCLTECH,HCLTECH,HCLTECH,GRASIM,EICHERMOT,HCLTECH,HDFCBANK,HCLTECH,HCLTECH,HDFCBANK
ITC,HINDUNILVR,HDFC,HDFC,HDFC,M&M,GAIL,GRASIM,HEROMOTOCO,HDFCBANK,HDFCBANK,HDFCLIFE,ITC,HINDALCO,HDFC,HDFC,HDFC,HDFC,GAIL,HCLTECH,HEROMOTOCO,HDFCBANK,HDFCBANK,HDFCLIFE,HDFC,HEROMOTOCO,HDFC,HDFC,HDFC,HCLTECH,GAIL,HDFCBANK,HEROMOTOCO,HDFCBANK,HDFCBANK,HINDUNILVR,HDFC,HEROMOTOCO,HDFC,HDFC,HDFC,HCLTECH,GAIL,HDFCBANK,HEROMOTOCO,HDFCBANK,HDFCBANK,HINDUNILVR,HDFC,HEROMOTOCO,HDFC,HDFC,HDFC,HCLTECH,HDFCBANK,HDFCBANK,HEROMOTOCO,HDFCBANK,HDFCBANK,ITC,HINDALCO,HDFC,HDFC,HDFC,GAIL,HCLTECH,HEROMOTOCO,HDFCBANK,HDFCBANK,HDFCLIFE,ITC,HINDALCO,HDFC,HDFC,HDFC,HDFC,GAIL,HCLTECH,HEROMOTOCO,HDFCBANK,HDFCBANK,HDFCLIFE,HINDUNILVR,HINDUNILVR,HINDALCO,HDFCBANK,HDFC,HDFCBANK,HCLTECH,GRASIM,HDFCBANK,HDFCBANK,HDFCBANK,HDFCLIFE,ITC,HINDALCO,HDFC,HDFCBANK,HDFC,HDFC,GAIL,HCLTECH,HCLTECH,HDFCBANK,HDFCBANK,HDFCLIFE,HDFC,HEROMOTOCO,HDFCBANK,HDFC,HDFC,HCLTECH,GAIL,HDFCBANK,HEROMOTOCO,HDFCBANK,HDFCBANK,HDFCLIFE,HDFC,HINDALCO,HDFC,HDFC,HDFC,HCLTECH,GAIL,HDFCBANK,HEROMOTOCO,HDFCBANK,HDFCBANK,HDFCLIFE,HINDALCO,HDFC,HDFC,HDFC,HCLTECH,GAIL,HDFCBANK,HEROMOTOCO,HDFCBANK,HDFCBANK,HDFCLIFE
ICICIBANK,HDFC,HDFCBANK,HDFCBANK,HDFCBANK,ONGC,GRASIM,HCLTECH,HINDALCO,HEROMOTOCO,HEROMOTOCO,HEROMOTOCO,ICICIBANK,HINDUNILVR,HDFCBANK,HDFCBANK,HDFCBANK,HDFCBANK,GRASIM,HDFCBANK,HINDALCO,HEROMOTOCO,HDFCLIFE,HEROMOTOCO,ITC,HINDALCO,HDFCBANK,HDFCBANK,HDFCBANK,HDFCBANK,GRASIM,HEROMOTOCO,HINDALCO,HEROMOTOCO,HDFCLIFE,ICICIBANK,ITC,HINDALCO,HDFCBANK,HDFCBANK,HDFCBANK,HDFCBANK,GRASIM,HEROMOTOCO,HINDALCO,HEROMOTOCO,HDFCLIFE,ICICIBANK,ITC,HINDALCO,HDFCBANK,HDFCBANK,HDFCBANK,HDFCBANK,HEROMOTOCO,HEROMOTOCO,HINDALCO,HEROMOTOCO,HDFCLIFE,ICICIBANK,HINDUNILVR,HDFCBANK,HDFCBANK,HDFCBANK,GRASIM,HDFCBANK,HINDALCO,HEROMOTOCO,HDFCLIFE,HEROMOTOCO,ICICIBANK,HINDUNILVR,HDFCBANK,HDFCBANK,HDFCBANK,HDFCBANK,GRASIM,HDFCBANK,HINDALCO,HEROMOTOCO,HEROMOTOCO,HEROMOTOCO,ICICIBANK,HDFC,HINDUNILVR,HEROMOTOCO,HDFCBANK,HEROMOTOCO,HDFCBANK,HCLTECH,HEROMOTOCO,HEROMOTOCO,HEROMOTOCO,HEROMOTOCO,ICICIBANK,HINDUNILVR,HDFCBANK,HEROMOTOCO,HDFCBANK,HDFCBANK,GRASIM,HDFCBANK,HDFCBANK,HEROMOTOCO,HEROMOTOCO,HEROMOTOCO,ITC,HINDALCO,HEROMOTOCO,HDFCBANK,HDFCBANK,HDFCBANK,GRASIM,HEROMOTOCO,HINDALCO,HEROMOTOCO,HDFCLIFE,HEROMOTOCO,ITC,HINDUNILVR,HDFCBANK,HDFCBANK,HDFCBANK,HDFCBANK,GRASIM,HEROMOTOCO,HINDALCO,HEROMOTOCO,HDFCLIFE,HEROMOTOCO,HINDUNILVR,HDFCBANK,HDFCBANK,HDFCBANK,HDFC,GRASIM,HEROMOTOCO,HINDALCO,HEROMOTOCO,HDFCLIFE,HEROMOTOCO
IDEA,ITC,HEROMOTOCO,HEROMOTOCO,HEROMOTOCO,RELIANCE,HCLTECH,HDFCBANK,HINDPETRO,HINDALCO,HINDALCO,HINDALCO,IDEA,ICICIBANK,HEROMOTOCO,HEROMOTOCO,HEROMOTOCO,HEROMOTOCO,HCLTECH,HEROMOTOCO,HINDPETRO,HINDALCO,HEROMOTOCO,HINDALCO,ICICIBANK,HINDUNILVR,HEROMOTOCO,HEROMOTOCO,HEROMOTOCO,HEROMOTOCO,HCLTECH,HINDALCO,HINDPETRO,HINDALCO,HEROMOTOCO,IDEA,ICICIBANK,HINDUNILVR,HEROMOTOCO,HEROMOTOCO,HEROMOTOCO,HEROMOTOCO,HCLTECH,HINDALCO,HINDPETRO,HINDALCO,HEROMOTOCO,IDEA,ICICIBANK,HINDUNILVR,HEROMOTOCO,HEROMOTOCO,HEROMOTOCO,HEROMOTOCO,HINDALCO,HINDALCO,HINDPETRO,HINDALCO,HEROMOTOCO,IDEA,ICICIBANK,HEROMOTOCO,HEROMOTOCO,HEROMOTOCO,HCLTECH,HEROMOTOCO,HINDPETRO,HINDALCO,HEROMOTOCO,HINDALCO,IDEA,ICICIBANK,HEROMOTOCO,HEROMOTOCO,HEROMOTOCO,HEROMOTOCO,HCLTECH,HEROMOTOCO,HINDPETRO,HINDALCO,HINDALCO,HINDALCO,IDEA,ITC,HDFC,HINDALCO,HEROMOTOCO,HINDALCO,HEROMOTOCO,HDFCBANK,HINDALCO,HINDALCO,HINDALCO,HINDALCO,IDEA,ICICIBANK,HEROMOTOCO,HINDALCO,HEROMOTOCO,HEROMOTOCO,HCLTECH,HEROMOTOCO,HEROMOTOCO,HINDALCO,HINDALCO,HINDALCO,ICICIBANK,HINDUNILVR,HINDALCO,HEROMOTOCO,HEROMOTOCO,HEROMOTOCO,HCLTECH,HINDALCO,HINDPETRO,HINDALCO,HEROMOTOCO,HINDALCO,ICICIBANK,HDFC,HEROMOTOCO,HEROMOTOCO,HEROMOTOCO,HEROMOTOCO,HCLTECH,HINDALCO,HINDPETRO,HINDALCO,HEROMOTOCO,HINDALCO,ICICIBANK,HEROMOTOCO,HEROMOTOCO,HEROMOTOCO,HDFCBANK,HCLTECH,HINDALCO,HINDPETRO,HINDALCO,HEROMOTOCO,HINDALCO
INFOSYSTCH,ICICIBANK,HINDALCO,HINDALCO,HINDALCO,SSLT,HDFCBANK,HEROMOTOCO,HINDUNILVR,HINDUNILVR,HINDUNILVR,HINDUNILVR,INFOSYSTCH,IDFC,HINDALCO,HINDALCO,HINDALCO,HINDALCO,HDFCBANK,HINDALCO,HINDUNILVR,HINDUNILVR,HINDALCO,HINDUNILVR,INFOSYSTCH,ICICIBANK,HINDALCO,HINDALCO,HINDALCO,HINDALCO,HDFCBANK,HINDPETRO,HINDUNILVR,HINDUNILVR,HINDALCO,IDFC,INFOSYSTCH,ICICIBANK,HINDALCO,HINDALCO,HINDALCO,HINDALCO,HDFCBANK,HINDPETRO,HINDUNILVR,HINDUNILVR,HINDALCO,IDFC,INFY,ICICIBANK,HINDALCO,HINDALCO,HINDALCO,HINDALCO,HINDPETRO,HINDPETRO,HINDUNILVR,HINDUNILVR,HINDALCO,INFOSYSTCH,IDFC,HINDALCO,HINDALCO,HINDALCO,HDFCBANK,HINDALCO,HINDUNILVR,HINDUNILVR,HINDALCO,HINDUNILVR,INFOSYSTCH,IDFC,HINDALCO,HINDALCO,HINDALCO,HINDALCO,HDFCBANK,HINDALCO,HINDUNILVR,HINDUNILVR,HINDUNILVR,HINDUNILVR,IDFC,ICICIBANK,ITC,HINDUNILVR,HINDALCO,HINDUNILVR,HINDALCO,HEROMOTOCO,HINDPETRO,HINDUNILVR,HINDUNILVR,HINDUNILVR,INFOSYSTCH,IDFC,HINDALCO,HINDUNILVR,HINDALCO,HINDALCO,HDFCBANK,HINDALCO,HINDALCO,HINDUNILVR,HINDUNILVR,HINDUNILVR,INFOSYSTCH,ICICIBANK,HINDUNILVR,HINDALCO,HINDALCO,HINDALCO,HDFCBANK,HINDPETRO,HINDUNILVR,HINDUNILVR,HINDALCO,HINDUNILVR,INFOSYSTCH,ITC,HINDALCO,HINDALCO,HINDALCO,HINDALCO,HDFCBANK,HINDPETRO,HINDUNILVR,HINDUNILVR,HINDALCO,HINDUNILVR,IDFC,HINDALCO,HINDALCO,HINDALCO,HEROMOTOCO,HDFCBANK,HINDPETRO,HINDUNILVR,HINDUNILVR,HINDALCO,HINDUNILVR
IDFC,INFOSYSTCH,HINDUNILVR,HINDUNILVR,HINDUNILVR,SBIN,HEROMOTOCO,HINDALCO,HDFC,HDFC,HDFC,HDFC,IDFC,INFY,HINDUNILVR,HINDUNILVR,HINDUNILVR,HINDUNILVR,HEROMOTOCO,HINDUNILVR,HDFC,HDFC,HINDUNILVR,HDFC,IDFC,IDFC,HINDUNILVR,HINDUNILVR,HINDUNILVR,HINDUNILVR,HEROMOTOCO,HINDUNILVR,HDFC,HDFC,HINDUNILVR,INFOSYSTCH,IDFC,IDFC,HINDUNILVR,HINDUNILVR,HINDUNILVR,HINDUNILVR,HEROMOTOCO,HINDUNILVR,HDFC,HDFC,HINDUNILVR,INFOSYSTCH,IDFC,IDFC,HINDUNILVR,HINDUNILVR,HINDUNILVR,HINDUNILVR,HINDUNILVR,HINDUNILVR,HDFC,HDFC,HINDUNILVR,IDFC,INFY,HINDUNILVR,HINDUNILVR,HINDUNILVR,HEROMOTOCO,HINDUNILVR,IBULHSGFIN,HDFC,HINDUNILVR,HDFC,IDFC,INFY,HINDUNILVR,HINDUNILVR,HINDUNILVR,HINDUNILVR,HEROMOTOCO,HINDUNILVR,HDFC,HDFC,HDFC,HDFC,INFOSYSTCH,INFOSYSTCH,ICICIBANK,HDFC,HINDUNILVR,ICICIBANK,HINDUNILVR,HINDALCO,HINDUNILVR,HDFC,HDFC,HDFC,IDFC,INFOSYSTCH,HINDUNILVR,HDFC,HINDUNILVR,HINDUNILVR,HEROMOTOCO,HINDUNILVR,HINDUNILVR,HDFC,HDFC,HDFC,IDFC,IDFC,HDFC,HINDUNILVR,HINDUNILVR,HINDUNILVR,HEROMOTOCO,HINDUNILVR,HDFC,HDFC,HINDUNILVR,HDFC,IDFC,ICICIBANK,HINDUNILVR,HINDUNILVR,HINDUNILVR,HINDUNILVR,HEROMOTOCO,HINDUNILVR,HDFC,HDFC,HINDUNILVR,HDFC,INFY,HINDUNILVR,HINDUNILVR,HINDUNILVR,HINDALCO,HEROMOTOCO,HINDUNILVR,HDFC,HDFC,HINDUNILVR,HDFC
JPASSOCIAT,IDFC,ICICIBANK,ICICIBANK,ICICIBANK,SUNPHARMA,HINDALCO,HINDUNILVR,ITC,ICICIBANK,ICICIBANK,ICICIBANK,JPASSOCIAT,ITC,ICICIBANK,ICICIBANK,ICICIBANK,ICICIBANK,HINDALCO,HDFC,ITC,ICICIBANK,HDFC,ICICIBANK,JPASSOCIAT,INFY,ICICIBANK,ICICIBANK,ICICIBANK,HDFC,HINDALCO,HDFC,ITC,ICICIBANK,HDFC,ITC,JPASSOCIAT,INFY,ICICIBANK,ICICIBANK,ICICIBANK,HDFC,HINDALCO,HDFC,ITC,ICICIBANK,HDFC,ITC,JPASSOCIAT,INFY,ICICIBANK,ICICIBANK,ICICIBANK,HDFC,HDFC,HDFC,ITC,ICICIBANK,HDFC,JPASSOCIAT,ITC,ICICIBANK,ICICIBANK,ICICIBANK,HINDALCO,HDFC,ICICIBANK,ICICIBANK,HDFC,ICICIBANK,JPASSOCIAT,ITC,ICICIBANK,ICICIBANK,ICICIBANK,ICICIBANK,HINDALCO,HDFC,ITC,ICICIBANK,ICICIBANK,ICICIBANK,ITC,IDFC,INFY,ITC,ICICIBANK,IDEA,HDFC,HINDUNILVR,HDFC,ITC,ICICIBANK,ICICIBANK,JPASSOCIAT,ITC,ICICIBANK,ITC,ICICIBANK,ICICIBANK,HINDALCO,HDFC,HDFC,ICICIBANK,ICICIBANK,ICICIBANK,JPASSOCIAT,INFY,ITC,ICICIBANK,ICICIBANK,HDFC,HINDALCO,HDFC,ITC,ICICIBANK,HDFC,ICICIBANK,JPASSOCIAT,INFY,ICICIBANK,ICICIBANK,ICICIBANK,HDFC,HINDALCO,HDFC,ITC,ICICIBANK,HDFC,ICICIBANK,ITC,ICICIBANK,ICICIBANK,ICICIBANK,HINDUNILVR,HINDALCO,HDFC,ITC,ICICIBANK,HDFC,ICICIBANK
JINDALSTEL,JPASSOCIAT,IDFC,IDFC,IDFC,TATAMOTORS,HINDUNILVR,HDFC,ICICIBANK,ITC,ITC,ITC,JINDALSTEL,JINDALSTEL,IDFC,IDFC,IDFC,IDEA,HINDUNILVR,ITC,ICICIBANK,ITC,ICICIBANK,ITC,JINDALSTEL,ITC,IDFC,IDFC,IDFC,ITC,HINDUNILVR,ITC,ICICIBANK,ITC,ICICIBANK,JINDALSTEL,JINDALSTEL,ITC,IDFC,IDFC,IDFC,ITC,HINDUNILVR,ITC,ICICIBANK,ITC,ICICIBANK,JINDALSTEL,JINDALSTEL,ITC,IDFC,IDFC,IDFC,ITC,ITC,ITC,ICICIBANK,ITC,ICICIBANK,JINDALSTEL,JINDALSTEL,IDFC,IDFC,IDEA,HINDUNILVR,ITC,INDUSINDBK,ITC,ICICIBANK,ITC,JINDALSTEL,JINDALSTEL,IDFC,IDFC,IDFC,IDEA,HINDUNILVR,ITC,ICICIBANK,ITC,ITC,ITC,JINDALSTEL,JPASSOCIAT,IDFC,ICICIBANK,IDFC,IDFC,ITC,HDFC,ITC,ICICIBANK,ITC,ITC,JINDALSTEL,JINDALSTEL,IDFC,ICICIBANK,IDFC,IDEA,HINDUNILVR,ITC,ITC,ITC,ITC,ITC,JINDALSTEL,ITC,ICICIBANK,IDFC,IDFC,ITC,HINDUNILVR,ITC,ICICIBANK,ITC,ICICIBANK,ITC,JINDALSTEL,IDFC,IDFC,IDFC,IDFC,ITC,HINDUNILVR,ITC,ICICIBANK,ITC,ICICIBANK,ITC,JINDALSTEL,IDFC,IDFC,IDFC,ICICIBANK,HINDUNILVR,ITC,ICICIBANK,ITC,ICICIBANK,ITC
KOTAKBANK,JINDALSTEL,INFY,INDUSINDBK,INDUSINDBK,TATASTEEL,HDFC,ITC,IBULHSGFIN,IBULHSGFIN,IOC,IOC,KOTAKBANK,JPASSOCIAT,INFY,INDUSINDBK,INDUSINDBK,INDUSINDBK,HDFC,ICICIBANK,IBULHSGFIN,IBULHSGFIN,ITC,IOC,KOTAKBANK,JINDALSTEL,INFY,INDUSINDBK,INDUSINDBK,ICICIBANK,HDFC,ICICIBANK,IBULHSGFIN,IOC,ITC,JPASSOCIAT,KOTAKBANK,JINDALSTEL,INFY,INDUSINDBK,INDUSINDBK,ICICIBANK,HDFC,ICICIBANK,IBULHSGFIN,IOC,ITC,JPASSOCIAT,KOTAKBANK,JINDALSTEL,INFY,INDUSINDBK,INDUSINDBK,ICICIBANK,ICICIBANK,ICICIBANK,IBULHSGFIN,IOC,ITC,KOTAKBANK,JPASSOCIAT,INFY,INDUSINDBK,INDUSINDBK,HDFC,ICICIBANK,INFRATEL,IBULHSGFIN,ITC,IOC,KOTAKBANK,JPASSOCIAT,INFY,INDUSINDBK,INDUSINDBK,INDUSINDBK,HDFC,ICICIBANK,IBULHSGFIN,IBULHSGFIN,IOC,IOC,JPASSOCIAT,JINDALSTEL,JPASSOCIAT,IDFC,INDUSINDBK,INDUSINDBK,ICICIBANK,ITC,ICICIBANK,IBULHSGFIN,IOC,IOC,KOTAKBANK,JPASSOCIAT,INFY,IDFC,INDUSINDBK,INDUSINDBK,HDFC,ICICIBANK,ICICIBANK,IBULHSGFIN,IOC,IOC,KOTAKBANK,JINDALSTEL,IDFC,INDUSINDBK,INDUSINDBK,ICICIBANK,HDFC,ICICIBANK,IBULHSGFIN,IOC,ITC,IOC,KOTAKBANK,JPASSOCIAT,INFY,INDUSINDBK,INDUSINDBK,ICICIBANK,HDFC,ICICIBANK,IBULHSGFIN,IOC,ITC,IOC,JPASSOCIAT,INFY,INDUSINDBK,INDUSINDBK,IDEA,HDFC,ICICIBANK,IBULHSGFIN,IOC,ITC,IOC
LT,KOTAKBANK,ITC,INFY,INFY,TATAPOWER,ITC,ICICIBANK,IOC,IOC,INDUSINDBK,INDUSINDBK,LT,KOTAKBANK,ITC,INFY,INFY,INFY,ITC,IBULHSGFIN,IOC,IOC,IOC,INDUSINDBK,LT,JPASSOCIAT,ITC,INFY,INFY,IDEA,ITC,IBULHSGFIN,IOC,INDUSINDBK,IOC,LT,LT,JPASSOCIAT,ITC,INFY,INFY,IDEA,ITC,IBULHSGFIN,IOC,INDUSINDBK,IOC,LT,LT,JPASSOCIAT,ITC,INFY,INFY,IDEA,IBULHSGFIN,IBULHSGFIN,IOC,INDUSINDBK,IOC,LT,KOTAKBANK,ITC,INFY,INFY,ITC,IBULHSGFIN,INFY,IOC,IOC,INDUSINDBK,LT,KOTAKBANK,ITC,INFY,INFY,INFY,ITC,IBULHSGFIN,IOC,IOC,INDUSINDBK,INDUSINDBK,LT,KOTAKBANK,JINDALSTEL,INFY,INFY,INFY,IDEA,ICICIBANK,IBULHSGFIN,IOC,INDUSINDBK,INDUSINDBK,LT,KOTAKBANK,ITC,INDUSINDBK,INFY,INFY,ITC,IBULHSGFIN,IBULHSGFIN,IOC,INDUSINDBK,INDUSINDBK,LT,JPASSOCIAT,INFY,INFY,INFY,IDEA,ITC,IBULHSGFIN,IOC,INDUSINDBK,IOC,INDUSINDBK,LT,JINDALSTEL,ITC,INFY,INFY,IDEA,ITC,IBULHSGFIN,IOC,INDUSINDBK,IOC,INDUSINDBK,KOTAKBANK,ITC,INFY,INFY,INDUSINDBK,ITC,IBULHSGFIN,IOC,INDUSINDBK,IOC,INDUSINDBK
M&M,LT,JINDALSTEL,ITC,ITC,WIPRO,ICICIBANK,IBULHSGFIN,INDUSINDBK,INDUSINDBK,INFY,INFY,M&M,LT,JINDALSTEL,ITC,ITC,ITC,ICICIBANK,IOC,INDUSINDBK,INDUSINDBK,INDUSINDBK,INFY,M&M,KOTAKBANK,JINDALSTEL,ITC,ITC,INDUSINDBK,ICICIBANK,IOC,INDUSINDBK,INFY,INDUSINDBK,M&M,M&M,KOTAKBANK,JINDALSTEL,ITC,ITC,INDUSINDBK,ICICIBANK,IOC,INDUSINDBK,INFY,INDUSINDBK,M&M,M&M,KOTAKBANK,JINDALSTEL,ITC,ITC,INDUSINDBK,IOC,IOC,INDUSINDBK,INFY,INDUSINDBK,M&M,LT,JINDALSTEL,ITC,ITC,ICICIBANK,IOC,IOC,INDUSINDBK,INDUSINDBK,INFY,M&M,LT,JINDALSTEL,ITC,ITC,ITC,ICICIBANK,IOC,INDUSINDBK,INDUSINDBK,INFY,INFY,M&M,LT,KOTAKBANK,JPASSOCIAT,ITC,ITC,INDUSINDBK,IBULHSGFIN,IOC,INDUSINDBK,INFY,INFY,M&M,LT,JINDALSTEL,INFY,ITC,ITC,ICICIBANK,IOC,IOC,INDUSINDBK,INFY,INFY,M&M,KOTAKBANK,JPASSOCIAT,ITC,ITC,INDUSINDBK,ICICIBANK,IOC,INDUSINDBK,INFY,INDUSINDBK,INFY,M&M,KOTAKBANK,JINDALSTEL,ITC,ITC,INDUSINDBK,ICICIBANK,IOC,INDUSINDBK,INFY,INDUSINDBK,INFY,LT,JINDALSTEL,ITC,ITC,INFY,ICICIBANK,IOC,INDUSINDBK,INFY,INDUSINDBK,INFY
MARUTI,M&M,JPASSOCIAT,JINDALSTEL,JINDALSTEL,ZEEL,IDEA,IOC,INFY,INFY,JSWSTEEL,JSWSTEEL,MARUTI,M&M,JPASSOCIAT,JINDALSTEL,JINDALSTEL,KOTAKBANK,IDEA,INDUSINDBK,INFY,INFY,INFY,JSWSTEEL,MARUTI,LT,JPASSOCIAT,JINDALSTEL,JINDALSTEL,INFY,IDEA,INDUSINDBK,INFY,JSWSTEEL,INFY,MARUTI,MARUTI,LT,JPASSOCIAT,JINDALSTEL,JINDALSTEL,INFY,IDEA,INDUSINDBK,INFY,JSWSTEEL,INFY,MARUTI,MARUTI,LT,JPASSOCIAT,JINDALSTEL,JINDALSTEL,INFY,INDUSINDBK,INDUSINDBK,INFY,JSWSTEEL,INFY,MARUTI,M&M,JPASSOCIAT,JINDALSTEL,KOTAKBANK,IDEA,INDUSINDBK,ITC,INFY,INFY,JSWSTEEL,MARUTI,M&M,JPASSOCIAT,JINDALSTEL,JINDALSTEL,KOTAKBANK,IDEA,INDUSINDBK,INFY,INFY,JSWSTEEL,JSWSTEEL,MARUTI,M&M,LT,JINDALSTEL,JINDALSTEL,KOTAKBANK,INFY,IOC,INDUSINDBK,INFY,JSWSTEEL,JSWSTEEL,MARUTI,M&M,JPASSOCIAT,JPASSOCIAT,JINDALSTEL,KOTAKBANK,IDEA,INDUSINDBK,INDUSINDBK,INFY,JSWSTEEL,JSWSTEEL,MARUTI,LT,JINDALSTEL,JINDALSTEL,JINDALSTEL,INFY,IDEA,INDUSINDBK,INFY,JSWSTEEL,INFY,JSWSTEEL,MARUTI,LT,JPASSOCIAT,JINDALSTEL,JINDALSTEL,INFY,IDEA,INDUSINDBK,INFY,JSWSTEEL,INFY,JSWSTEEL,M&M,JPASSOCIAT,JINDALSTEL,JINDALSTEL,ITC,IDEA,INDUSINDBK,INFY,JSWSTEEL,INFY,JSWSTEEL
NTPC,MARUTI,KOTAKBANK,JPASSOCIAT,KOTAKBANK,ICICIBANK,INDUSINDBK,INDUSINDBK,KOTAKBANK,JSWSTEEL,KOTAKBANK,KOTAKBANK,NTPC,MARUTI,KOTAKBANK,JPASSOCIAT,KOTAKBANK,LT,INDUSINDBK,INFY,KOTAKBANK,JSWSTEEL,JSWSTEEL,KOTAKBANK,NTPC,M&M,KOTAKBANK,JPASSOCIAT,KOTAKBANK,KOTAKBANK,INDUSINDBK,INFY,JSWSTEEL,KOTAKBANK,JSWSTEEL,NTPC,NTPC,M&M,KOTAKBANK,JPASSOCIAT,KOTAKBANK,KOTAKBANK,INDUSINDBK,INFY,JSWSTEEL,KOTAKBANK,JSWSTEEL,NTPC,NTPC,M&M,KOTAKBANK,JPASSOCIAT,KOTAKBANK,KOTAKBANK,INFY,INFY,JSWSTEEL,KOTAKBANK,JSWSTEEL,NTPC,MARUTI,KOTAKBANK,JPASSOCIAT,LT,INDUSINDBK,INFY,KOTAKBANK,JSWSTEEL,JSWSTEEL,KOTAKBANK,NTPC,MARUTI,KOTAKBANK,JPASSOCIAT,KOTAKBANK,LT,INDUSINDBK,INFY,KOTAKBANK,JSWSTEEL,KOTAKBANK,KOTAKBANK,NTPC,MARUTI,M&M,KOTAKBANK,KOTAKBANK,LT,KOTAKBANK,INDUSINDBK,INFY,JSWSTEEL,KOTAKBANK,KOTAKBANK,NTPC,MARUTI,KOTAKBANK,JINDALSTEL,KOTAKBANK,LT,INDUSINDBK,INFY,INFY,JSWSTEEL,KOTAKBANK,KOTAKBANK,NTPC,M&M,KOTAKBANK,JPASSOCIAT,KOTAKBANK,KOTAKBANK,INDUSINDBK,INFY,JSWSTEEL,KOTAKBANK,JSWSTEEL,KOTAKBANK,NTPC,M&M,KOTAKBANK,JPASSOCIAT,KOTAKBANK,KOTAKBANK,INDUSINDBK,INFY,JSWSTEEL,KOTAKBANK,JSWSTEEL,KOTAKBANK,MARUTI,KOTAKBANK,JPASSOCIAT,JPASSOCIAT,KOTAKBANK,INDUSINDBK,INFY,JSWSTEEL,KOTAKBANK,JSWSTEEL,KOTAKBANK
ONGC,NTPC,LT,KOTAKBANK,LT,INDUSINDBK,INFY,INFY,LT,KOTAKBANK,LT,LT,ONGC,NTPC,LT,KOTAKBANK,LT,LUPIN,INFY,KOTAKBANK,LT,KOTAKBANK,KOTAKBANK,LT,ONGC,MARUTI,LT,KOTAKBANK,LT,LT,INFY,KOTAKBANK,KOTAKBANK,LT,KOTAKBANK,ONGC,ONGC,MARUTI,LT,KOTAKBANK,LT,LT,INFY,KOTAKBANK,KOTAKBANK,LT,KOTAKBANK,ONGC,ONGC,MARUTI,LT,KOTAKBANK,LT,LT,KOTAKBANK,KOTAKBANK,KOTAKBANK,LT,KOTAKBANK,ONGC,NTPC,LT,KOTAKBANK,LUPIN,INFY,KOTAKBANK,LT,KOTAKBANK,KOTAKBANK,LT,ONGC,NTPC,LT,KOTAKBANK,LT,LUPIN,INFY,KOTAKBANK,LT,KOTAKBANK,LT,LT,ONGC,NTPC,MARUTI,LT,LT,LUPIN,LT,INFY,KOTAKBANK,KOTAKBANK,LT,LT,ONGC,NTPC,LT,KOTAKBANK,LT,LUPIN,INFY,KOTAKBANK,KOTAKBANK,KOTAKBANK,LT,LT,ONGC,MARUTI,LT,KOTAKBANK,LT,LT,INFY,KOTAKBANK,KOTAKBANK,LT,KOTAKBANK,LT,ONGC,MARUTI,LT,KOTAKBANK,LT,LT,INFY,KOTAKBANK,KOTAKBANK,LT,KOTAKBANK,LT,NTPC,LT,KOTAKBANK,KOTAKBANK,LT,INFY,KOTAKBANK,KOTAKBANK,LT,KOTAKBANK,LT
POWERGRID,ONGC,M&M,LT,LUPIN,BANKBARODA,KOTAKBANK,KOTAKBANK,LUPIN,LT,M&M,M&M,POWERGRID,ONGC,M&M,LT,LUPIN,M&M,KOTAKBANK,LT,LUPIN,LT,LT,M&M,POWERGRID,NTPC,LUPIN,LT,LUPIN,LUPIN,KOTAKBANK,LT,LT,M&M,LT,PNB,POWERGRID,NTPC,LUPIN,LT,LUPIN,LUPIN,KOTAKBANK,LT,LT,M&M,LT,PNB,POWERGRID,NTPC,LUPIN,LT,LUPIN,LUPIN,LT,LT,LT,M&M,LT,POWERGRID,ONGC,M&M,LT,M&M,KOTAKBANK,LT,LUPIN,LT,LT,M&M,POWERGRID,ONGC,M&M,LT,LUPIN,M&M,KOTAKBANK,LT,LUPIN,LT,M&M,M&M,PNB,ONGC,NTPC,LUPIN,LUPIN,M&M,LUPIN,KOTAKBANK,LT,LT,M&M,M&M,POWERGRID,ONGC,M&M,LT,LUPIN,M&M,KOTAKBANK,LT,LT,LT,M&M,M&M,POWERGRID,NTPC,LUPIN,LT,LUPIN,LUPIN,KOTAKBANK,LT,LT,M&M,LT,M&M,POWERGRID,NTPC,LUPIN,LT,LUPIN,LUPIN,KOTAKBANK,LT,LT,M&M,LT,M&M,ONGC,LUPIN,LT,LT,LUPIN,KOTAKBANK,LT,LT,M&M,LT,M&M
PNB,POWERGRID,MARUTI,LUPIN,M&M,GAIL,LT,LT,M&M,M&M,MARUTI,MARUTI,PNB,PNB,MARUTI,LUPIN,M&M,MARUTI,LT,LUPIN,M&M,M&M,M&M,MARUTI,PNB,ONGC,M&M,LUPIN,M&M,M&M,LT,LUPIN,M&M,MARUTI,M&M,POWERGRID,PNB,ONGC,M&M,LUPIN,M&M,M&M,LT,LUPIN,M&M,MARUTI,M&M,POWERGRID,PNB,ONGC,M&M,LUPIN,M&M,M&M,LUPIN,LUPIN,M&M,MARUTI,M&M,PNB,PNB,MARUTI,LUPIN,MARUTI,LT,LUPIN,M&M,M&M,M&M,MARUTI,PNB,PNB,MARUTI,LUPIN,M&M,MARUTI,LT,LUPIN,M&M,M&M,MARUTI,MARUTI,POWERGRID,POWERGRID,ONGC,M&M,M&M,MARUTI,M&M,LT,LUPIN,M&M,MARUTI,MARUTI,PNB,PNB,MARUTI,LUPIN,M&M,MARUTI,LT,LUPIN,LUPIN,M&M,MARUTI,MARUTI,PNB,ONGC,M&M,LUPIN,M&M,M&M,LT,LUPIN,M&M,MARUTI,M&M,MARUTI,PNB,ONGC,M&M,LUPIN,M&M,M&M,LT,LUPIN,M&M,MARUTI,M&M,MARUTI,PNB,M&M,LUPIN,LUPIN,M&M,LT,LUPIN,M&M,MARUTI,M&M,MARUTI
RANBAXY,PNB,NTPC,M&M,MARUTI,AXISBANK,LUPIN,LUPIN,MARUTI,MARUTI,NTPC,NTPC,RANBAXY,POWERGRID,NTPC,M&M,MARUTI,NMDC,LUPIN,M&M,MARUTI,MARUTI,MARUTI,NTPC,RANBAXY,PNB,MARUTI,M&M,MARUTI,MARUTI,LUPIN,M&M,MARUTI,NTPC,MARUTI,RANBAXY,RANBAXY,PNB,MARUTI,M&M,MARUTI,MARUTI,LUPIN,M&M,MARUTI,NTPC,MARUTI,RANBAXY,RANBAXY,PNB,MARUTI,M&M,MARUTI,MARUTI,M&M,M&M,MARUTI,NTPC,MARUTI,RANBAXY,POWERGRID,NTPC,M&M,NMDC,LUPIN,M&M,MARUTI,MARUTI,MARUTI,NTPC,RANBAXY,POWERGRID,NTPC,M&M,MARUTI,NMDC,LUPIN,M&M,MARUTI,MARUTI,NTPC,NTPC,RANBAXY,PNB,POWERGRID,MARUTI,MARUTI,NMDC,MARUTI,LUPIN,M&M,MARUTI,NTPC,NTPC,RANBAXY,POWERGRID,NTPC,M&M,MARUTI,NMDC,LUPIN,M&M,M&M,MARUTI,NTPC,NTPC,RANBAXY,PNB,MARUTI,M&M,MARUTI,MARUTI,LUPIN,M&M,MARUTI,NTPC,MARUTI,NTPC,RANBAXY,POWERGRID,MARUTI,M&M,MARUTI,MARUTI,LUPIN,M&M,MARUTI,NTPC,MARUTI,NTPC,POWERGRID,MARUTI,M&M,M&M,MARUTI,LUPIN,M&M,MARUTI,NTPC,MARUTI,NTPC
RELCAPITAL,RANBAXY,ONGC,MARUTI,MCDOWELL-N,HCLTECH,M&M,M&M,NTPC,NTPC,NESTLEIND,NESTLEIND,RELCAPITAL,RANBAXY,ONGC,MARUTI,MCDOWELL-N,NTPC,M&M,MARUTI,NTPC,NTPC,NTPC,NESTLEIND,RELCAPITAL,POWERGRID,NTPC,MARUTI,NMDC,NTPC,M&M,MARUTI,NTPC,NESTLEIND,NTPC,RCOM,RELCAPITAL,POWERGRID,NTPC,MARUTI,NMDC,NTPC,M&M,MARUTI,NTPC,NESTLEIND,NTPC,RCOM,RELCAPITAL,POWERGRID,NTPC,MARUTI,NMDC,NTPC,MARUTI,MARUTI,NTPC,NESTLEIND,NTPC,RELCAPITAL,RANBAXY,ONGC,MARUTI,NTPC,M&M,MARUTI,NTPC,NTPC,NTPC,NESTLEIND,RELCAPITAL,RANBAXY,ONGC,MARUTI,MCDOWELL-N,NTPC,M&M,MARUTI,NTPC,NTPC,NESTLEIND,NESTLEIND,RCOM,RANBAXY,PNB,NTPC,MCDOWELL-N,NTPC,NTPC,M&M,MARUTI,NTPC,NESTLEIND,NESTLEIND,RELCAPITAL,RANBAXY,ONGC,MARUTI,MCDOWELL-N,NTPC,M&M,MARUTI,MARUTI,NTPC,NESTLEIND,NESTLEIND,RELCAPITAL,POWERGRID,NTPC,MARUTI,NMDC,NTPC,M&M,MARUTI,NTPC,NESTLEIND,NTPC,NESTLEIND,RELCAPITAL,PNB,NTPC,MARUTI,NMDC,NTPC,M&M,MARUTI,NTPC,NESTLEIND,NTPC,NESTLEIND,RANBAXY,NTPC,MARUTI,MARUTI,NTPC,M&M,MARUTI,NTPC,NESTLEIND,NTPC,NESTLEIND
RCOM,RELCAPITAL,PNB,NMDC,NMDC,LUPIN,MARUTI,MARUTI,ONGC,ONGC,ONGC,ONGC,RCOM,RCOM,PNB,NMDC,NMDC,ONGC,MARUTI,NTPC,ONGC,ONGC,NESTLEIND,ONGC,RCOM,RANBAXY,ONGC,NMDC,NTPC,ONGC,MARUTI,NTPC,ONGC,ONGC,NESTLEIND,RELCAPITAL,RCOM,RANBAXY,ONGC,NMDC,NTPC,ONGC,MARUTI,NTPC,ONGC,ONGC,NESTLEIND,RELCAPITAL,RCOM,RANBAXY,ONGC,NMDC,NTPC,ONGC,NTPC,NTPC,ONGC,ONGC,NESTLEIND,RCOM,RCOM,PNB,NMDC,ONGC,MARUTI,NTPC,ONGC,ONGC,NESTLEIND,ONGC,RCOM,RCOM,PNB,NMDC,NMDC,ONGC,MARUTI,NTPC,ONGC,ONGC,ONGC,ONGC,RELCAPITAL,RELCAPITAL,RANBAXY,ONGC,NMDC,ONGC,ONGC,MARUTI,NTPC,ONGC,ONGC,ONGC,RCOM,RCOM,PNB,NMDC,NMDC,ONGC,MARUTI,NTPC,NTPC,ONGC,ONGC,ONGC,RCOM,RANBAXY,ONGC,NMDC,NTPC,ONGC,MARUTI,NTPC,ONGC,ONGC,NESTLEIND,ONGC,RCOM,RANBAXY,ONGC,NMDC,NTPC,ONGC,MARUTI,NTPC,ONGC,ONGC,NESTLEIND,ONGC,RCOM,ONGC,NMDC,NMDC,ONGC,MARUTI,NTPC,ONGC,ONGC,NESTLEIND,ONGC
RELIANCE,RCOM,POWERGRID,NTPC,NTPC,BHARTIARTL,NTPC,NTPC,POWERGRID,POWERGRID,POWERGRID,POWERGRID,RELIANCE,RELCAPITAL,POWERGRID,NTPC,NTPC,PNB,NTPC,ONGC,POWERGRID,POWERGRID,ONGC,POWERGRID,RELIANCE,RCOM,PNB,NTPC,ONGC,POWERGRID,NTPC,ONGC,POWERGRID,POWERGRID,ONGC,RELIANCE,RELIANCE,RCOM,PNB,NTPC,ONGC,POWERGRID,NTPC,ONGC,POWERGRID,POWERGRID,ONGC,RELIANCE,RELIANCE,RCOM,PNB,NTPC,ONGC,POWERGRID,ONGC,ONGC,POWERGRID,POWERGRID,ONGC,RELIANCE,RELCAPITAL,POWERGRID,NTPC,PNB,NTPC,ONGC,POWERGRID,POWERGRID,ONGC,POWERGRID,RELIANCE,RELCAPITAL,POWERGRID,NTPC,NTPC,PNB,NTPC,ONGC,POWERGRID,POWERGRID,POWERGRID,POWERGRID,RELIANCE,RCOM,RCOM,POWERGRID,NTPC,PNB,POWERGRID,NTPC,ONGC,POWERGRID,POWERGRID,POWERGRID,RELIANCE,RELCAPITAL,POWERGRID,NTPC,NTPC,PNB,NTPC,ONGC,ONGC,POWERGRID,POWERGRID,POWERGRID,RELIANCE,RCOM,POWERGRID,NTPC,ONGC,POWERGRID,NTPC,ONGC,POWERGRID,POWERGRID,ONGC,POWERGRID,RELIANCE,RCOM,PNB,NTPC,ONGC,POWERGRID,NTPC,ONGC,POWERGRID,POWERGRID,ONGC,POWERGRID,RELCAPITAL,PNB,NTPC,NTPC,PNB,NTPC,ONGC,POWERGRID,POWERGRID,ONGC,POWERGRID
RELINFRA,RELIANCE,RANBAXY,ONGC,ONGC,PNB,ONGC,ONGC,RELIANCE,RELIANCE,RELIANCE,RELIANCE,RELINFRA,RELIANCE,RANBAXY,ONGC,ONGC,POWERGRID,ONGC,POWERGRID,RELIANCE,RELIANCE,POWERGRID,RELIANCE,RELINFRA,RELIANCE,POWERGRID,ONGC,PNB,PNB,ONGC,POWERGRID,RELIANCE,RELIANCE,POWERGRID,RELINFRA,RELINFRA,RELIANCE,POWERGRID,ONGC,PNB,PNB,ONGC,POWERGRID,RELIANCE,RELIANCE,POWERGRID,RELINFRA,RELINFRA,RELIANCE,POWERGRID,ONGC,PNB,PNB,POWERGRID,POWERGRID,RELIANCE,RELIANCE,POWERGRID,RELINFRA,RELIANCE,RANBAXY,ONGC,POWERGRID,ONGC,POWERGRID,RELIANCE,RELIANCE,POWERGRID,RELIANCE,RELINFRA,RELIANCE,RANBAXY,ONGC,ONGC,POWERGRID,ONGC,POWERGRID,RELIANCE,RELIANCE,RELIANCE,RELIANCE,RELINFRA,RELIANCE,RELIANCE,PNB,ONGC,POWERGRID,PNB,ONGC,POWERGRID,RELIANCE,RELIANCE,RELIANCE,RELINFRA,RELIANCE,RANBAXY,ONGC,ONGC,POWERGRID,ONGC,POWERGRID,POWERGRID,RELIANCE,RELIANCE,RELIANCE,RELINFRA,RELIANCE,PNB,ONGC,PNB,PNB,ONGC,POWERGRID,RELIANCE,RELIANCE,POWERGRID,RELIANCE,RELINFRA,RELIANCE,POWERGRID,ONGC,PNB,PNB,ONGC,POWERGRID,RELIANCE,RELIANCE,POWERGRID,RELIANCE,RELIANCE,POWERGRID,ONGC,ONGC,POWERGRID,ONGC,POWERGRID,RELIANCE,RELIANCE,POWERGRID,RELIANCE
RPOWER,RELINFRA,RELIANCE,PNB,PNB,MARUTI,POWERGRID,POWERGRID,SBIN,SBIN,SHREECEM,SBILIFE,RPOWER,RELINFRA,RELIANCE,PNB,PNB,RELIANCE,POWERGRID,RELIANCE,SBIN,SBIN,RELIANCE,SBILIFE,RPOWER,RELINFRA,RANBAXY,PNB,POWERGRID,RELIANCE,POWERGRID,RELIANCE,SBIN,SBIN,RELIANCE,RPOWER,RPOWER,RELINFRA,RANBAXY,PNB,POWERGRID,RELIANCE,POWERGRID,RELIANCE,SBIN,SBIN,RELIANCE,RPOWER,RPOWER,RELINFRA,RANBAXY,PNB,POWERGRID,RELIANCE,RELIANCE,RELIANCE,SBIN,SBIN,RELIANCE,RPOWER,RELINFRA,RELIANCE,PNB,RELIANCE,POWERGRID,RELIANCE,SBIN,SBIN,RELIANCE,SBILIFE,RPOWER,RELINFRA,RELIANCE,PNB,PNB,RELIANCE,POWERGRID,RELIANCE,SBIN,SBIN,SHREECEM,SBILIFE,RPOWER,RELINFRA,RELINFRA,RANBAXY,PNB,RELIANCE,RELIANCE,POWERGRID,RELIANCE,SBIN,SHREECEM,SBILIFE,RPOWER,RELINFRA,RELIANCE,POWERGRID,PNB,RELIANCE,POWERGRID,RELIANCE,RELIANCE,SBIN,SHREECEM,SBILIFE,RPOWER,RELINFRA,RANBAXY,PNB,POWERGRID,RELIANCE,POWERGRID,RELIANCE,SBIN,SBIN,RELIANCE,SBILIFE,RPOWER,RELINFRA,RANBAXY,PNB,POWERGRID,RELIANCE,POWERGRID,RELIANCE,SBIN,SBIN,RELIANCE,SBILIFE,RELINFRA,RANBAXY,PNB,PNB,RELIANCE,POWERGRID,RELIANCE,SBIN,SBIN,RELIANCE,SBILIFE
SIEMENS,RPOWER,RELINFRA,POWERGRID,POWERGRID,LT,RELIANCE,RELIANCE,SUNPHARMA,SUNPHARMA,SBIN,SHREECEM,SIEMENS,RPOWER,RELINFRA,POWERGRID,POWERGRID,SBIN,RELIANCE,SBIN,SUNPHARMA,SUNPHARMA,SHREECEM,SHREECEM,SESAGOA,RPOWER,RELIANCE,POWERGRID,RELIANCE,SBIN,RELIANCE,SBIN,SUNPHARMA,SUNPHARMA,SBILIFE,SAIL,SESAGOA,RPOWER,RELIANCE,POWERGRID,RELIANCE,SBIN,RELIANCE,SBIN,SUNPHARMA,SUNPHARMA,SBILIFE,SAIL,SESAGOA,RPOWER,RELIANCE,POWERGRID,RELIANCE,SBIN,SBIN,SBIN,SUNPHARMA,SUNPHARMA,SBILIFE,SIEMENS,RPOWER,RELINFRA,POWERGRID,SBIN,RELIANCE,SBIN,SUNPHARMA,SUNPHARMA,SHREECEM,SHREECEM,SIEMENS,RPOWER,RELINFRA,POWERGRID,POWERGRID,SBIN,RELIANCE,SBIN,SUNPHARMA,SUNPHARMA,SBIN,SHREECEM,SAIL,RPOWER,RPOWER,RELIANCE,POWERGRID,SBIN,SBIN,RELIANCE,SBIN,SUNPHARMA,SBIN,SHREECEM,SIEMENS,RPOWER,RELINFRA,PNB,POWERGRID,SBIN,RELIANCE,SBIN,SBIN,SUNPHARMA,SBIN,SHREECEM,SESAGOA,RPOWER,RELIANCE,POWERGRID,RELIANCE,SBIN,RELIANCE,SBIN,SUNPHARMA,SUNPHARMA,SBILIFE,SHREECEM,SESAGOA,RPOWER,RELIANCE,POWERGRID,RELIANCE,SBIN,RELIANCE,SBIN,SUNPHARMA,SUNPHARMA,SBILIFE,SHREECEM,RPOWER,RELIANCE,POWERGRID,POWERGRID,SBIN,RELIANCE,SBIN,SUNPHARMA,SUNPHARMA,SBILIFE,SHREECEM
SBIN,SESAGOA,SAIL,RANBAXY,RELIANCE,ULTRACEMCO,SBIN,SBIN,TCS,TCS,SUNPHARMA,SBIN,SBIN,SAIL,SAIL,RANBAXY,RELIANCE,SUNPHARMA,SBIN,SUNPHARMA,TCS,TCS,SBIN,SBIN,SIEMENS,SAIL,RELINFRA,RANBAXY,SBIN,SUNPHARMA,SBIN,SUNPHARMA,TCS,TCS,SHREECEM,SBIN,SIEMENS,SAIL,RELINFRA,RANBAXY,SBIN,SUNPHARMA,SBIN,SUNPHARMA,TCS,TCS,SHREECEM,SBIN,SIEMENS,SAIL,RELINFRA,RANBAXY,SBIN,SUNPHARMA,SUNPHARMA,SUNPHARMA,TCS,TCS,SHREECEM,SBIN,SAIL,SAIL,RANBAXY,SUNPHARMA,SBIN,SUNPHARMA,TATAMOTORS,TCS,SBIN,SBIN,SBIN,SAIL,SAIL,RANBAXY,RELIANCE,SUNPHARMA,SBIN,SUNPHARMA,TCS,TCS,SUNPHARMA,SBIN,SBIN,SESAGOA,SESAGOA,RELINFRA,RELIANCE,SSLT,SUNPHARMA,SBIN,SUNPHARMA,TCS,SUNPHARMA,SBIN,SBIN,SAIL,SAIL,RANBAXY,RELIANCE,SUNPHARMA,SBIN,SUNPHARMA,SUNPHARMA,TCS,SUNPHARMA,SBIN,SIEMENS,SAIL,RELINFRA,RANBAXY,SBIN,SUNPHARMA,SBIN,SUNPHARMA,TCS,TCS,SHREECEM,SBIN,SIEMENS,SESAGOA,RELINFRA,RANBAXY,SBIN,SUNPHARMA,SBIN,SUNPHARMA,TCS,TCS,SHREECEM,SBIN,SAIL,RELINFRA,RANBAXY,RANBAXY,SUNPHARMA,SBIN,SUNPHARMA,TCS,TCS,SHREECEM,SBIN
SAIL,SIEMENS,SBIN,RELIANCE,SBIN,TCS,SUNPHARMA,SUNPHARMA,TATAMOTORS,TATAMOTORS,TCS,SUNPHARMA,SAIL,SBIN,SBIN,RELIANCE,SBIN,TATAMOTORS,SUNPHARMA,TCS,TATAMOTORS,TATAMOTORS,SUNPHARMA,SUNPHARMA,SBIN,SBIN,SBIN,RELIANCE,SSLT,TCS,SUNPHARMA,TCS,TATAMOTORS,TATAMOTORS,SBIN,SIEMENS,SBIN,SBIN,SBIN,RELIANCE,SSLT,TCS,SUNPHARMA,TCS,TATAMOTORS,TATAMOTORS,SBIN,SIEMENS,SBIN,SBIN,SBIN,RELIANCE,SSLT,TCS,TCS,TCS,TATAMOTORS,TATAMOTORS,SBIN,SAIL,SBIN,SBIN,RELIANCE,TATAMOTORS,SUNPHARMA,TCS,TATASTEEL,TATAMOTORS,SUNPHARMA,SUNPHARMA,SAIL,SBIN,SBIN,RELIANCE,SBIN,TATAMOTORS,SUNPHARMA,TCS,TATAMOTORS,TATAMOTORS,TCS,SUNPHARMA,SIEMENS,SIEMENS,SIEMENS,SIEMENS,SBIN,SUNPHARMA,TCS,SUNPHARMA,TCS,TATAMOTORS,TCS,SUNPHARMA,SAIL,SBIN,SBIN,RELIANCE,SBIN,TATAMOTORS,SUNPHARMA,TCS,TCS,TATAMOTORS,TCS,SUNPHARMA,SBIN,SBIN,SESAGOA,RELIANCE,SSLT,TCS,SUNPHARMA,TCS,TATAMOTORS,TATAMOTORS,SBIN,SUNPHARMA,SBIN,SIEMENS,SBIN,RELIANCE,SSLT,TCS,SUNPHARMA,TCS,TATAMOTORS,TATAMOTORS,SBIN,SUNPHARMA,SBIN,SBIN,RELIANCE,RELIANCE,TATAMOTORS,SUNPHARMA,TCS,TATAMOTORS,TATAMOTORS,SBIN,SUNPHARMA
STER,SBIN,SESAGOA,RELINFRA,SSLT,NTPC,TCS,TCS,TATASTEEL,TATASTEEL,TATAMOTORS,TCS,STER,SESAGOA,SESAGOA,RELINFRA,SSLT,TATAPOWER,TCS,TATAMTRDVR,TATASTEEL,TATASTEEL,TCS,TCS,SAIL,SESAGOA,SESAGOA,SBIN,SUNPHARMA,TATAMOTORS,TCS,TATAMOTORS,TATASTEEL,TATASTEEL,SUNPHARMA,STER,SAIL,SESAGOA,SESAGOA,SBIN,SUNPHARMA,TATAMOTORS,TCS,TATAMOTORS,TATASTEEL,TATASTEEL,SUNPHARMA,STER,SAIL,SESAGOA,SESAGOA,SBIN,SUNPHARMA,TATAMOTORS,TATAMOTORS,TATAMOTORS,TATASTEEL,TATASTEEL,SUNPHARMA,STER,SESAGOA,SESAGOA,RELINFRA,TATAPOWER,TCS,TATAMTRDVR,TCS,TATASTEEL,TCS,TCS,STER,SESAGOA,SESAGOA,RELINFRA,SSLT,TATAPOWER,TCS,TATAMTRDVR,TATASTEEL,TATASTEEL,TATAMOTORS,TCS,STER,SBIN,SBIN,SBIN,SSLT,TATAMOTORS,TATAMOTORS,TCS,TATAMOTORS,TATASTEEL,TATAMOTORS,TCS,STER,SESAGOA,SESAGOA,RELINFRA,SSLT,TATAPOWER,TCS,TATAMTRDVR,TATAMTRDVR,TATASTEEL,TATAMOTORS,TCS,SAIL,SESAGOA,SIEMENS,SBIN,SUNPHARMA,TATAMOTORS,TCS,TATAMOTORS,TATASTEEL,TATASTEEL,SUNPHARMA,TCS,SAIL,SBIN,SESAGOA,SBIN,SUNPHARMA,TATAMOTORS,TCS,TATAMOTORS,TATASTEEL,TATASTEEL,SUNPHARMA,TCS,SESAGOA,SESAGOA,SBIN,SBIN,TATAPOWER,TCS,TATAMOTORS,TATASTEEL,TATASTEEL,SUNPHARMA,TCS
SUNPHARMA,SAIL,SIEMENS,SBIN,SUNPHARMA,YESBANK,TATAMTRDVR,TATAMTRDVR,TECHM,TECHM,TATASTEEL,TATACONSUM,SUNPHARMA,SIEMENS,SIEMENS,SBIN,SUNPHARMA,TATASTEEL,TATAMTRDVR,TATAMOTORS,TECHM,TECHM,TATAMOTORS,TATACONSUM,STER,SIEMENS,SIEMENS,SSLT,TATAMOTORS,TATAPOWER,TATAMTRDVR,TATASTEEL,TECHM,TECHM,TCS,SUNPHARMA,STER,SIEMENS,SIEMENS,SSLT,TATAMOTORS,TATAPOWER,TATAMTRDVR,TATASTEEL,TECHM,TECHM,TCS,SUNPHARMA,STER,SIEMENS,SIEMENS,SSLT,TATAMOTORS,TATAPOWER,TATASTEEL,TATASTEEL,TECHM,TECHM,TCS,SUNPHARMA,SIEMENS,SIEMENS,SBIN,TATASTEEL,TATAMTRDVR,TATAMOTORS,TECHM,TECHM,TATAMOTORS,TATACONSUM,SUNPHARMA,SIEMENS,SIEMENS,SBIN,SUNPHARMA,TATASTEEL,TATAMTRDVR,TATAMOTORS,TECHM,TECHM,TATASTEEL,TATACONSUM,SUNPHARMA,SAIL,SAIL,SUNPHARMA,SUNPHARMA,TATAPOWER,TATAPOWER,TATAMTRDVR,TATASTEEL,TECHM,TATASTEEL,TATACONSUM,SUNPHARMA,SIEMENS,SIEMENS,SESAGOA,SUNPHARMA,TATASTEEL,TATAMTRDVR,TATAMOTORS,TATAMOTORS,TECHM,TATASTEEL,TATACONSUM,STER,SIEMENS,SBIN,SSLT,TATAMOTORS,TATAPOWER,TATAMTRDVR,TATASTEEL,TECHM,TECHM,TCS,TATACONSUM,STER,SAIL,SIEMENS,SSLT,TATAMOTORS,TATAPOWER,TATAMTRDVR,TATASTEEL,TECHM,TECHM,TCS,TATACONSUM,SIEMENS,SIEMENS,SESAGOA,SESAGOA,TATASTEEL,TATAMTRDVR,TATASTEEL,TECHM,TECHM,TCS,TATACONSUM
SUZLON,STER,STER,SESAGOA,TATAMOTORS,IDFC,TATAMOTORS,TATAMOTORS,TITAN,TITAN,TECHM,TATAMOTORS,SUZLON,STER,STER,SESAGOA,TATAMOTORS,TCS,TATAMOTORS,TATAPOWER,TITAN,TITAN,TATASTEEL,TATAMOTORS,SUNPHARMA,STER,SUNPHARMA,SUNPHARMA,TATAPOWER,TATASTEEL,TATAMOTORS,TECHM,TITAN,TITAN,TATAMOTORS,SUZLON,SUNPHARMA,STER,SUNPHARMA,SUNPHARMA,TATAPOWER,TATASTEEL,TATAMOTORS,TECHM,TITAN,TITAN,TATAMOTORS,SUZLON,SUNPHARMA,STER,SUNPHARMA,SUNPHARMA,TATAPOWER,TATASTEEL,TECHM,TECHM,TITAN,TITAN,TATAMOTORS,SUZLON,STER,STER,SESAGOA,TCS,TATAMOTORS,TATAPOWER,TITAN,TITAN,TATASTEEL,TATAMOTORS,SUZLON,STER,STER,SESAGOA,TATAMOTORS,TCS,TATAMOTORS,TATAPOWER,TITAN,TITAN,TECHM,TATAMOTORS,SUZLON,STER,STER,TCS,TATAMOTORS,TATASTEEL,TATASTEEL,TATAMOTORS,TECHM,TITAN,TECHM,TATAMOTORS,SUZLON,STER,STER,SBIN,TATAMOTORS,TCS,TATAMOTORS,TATAPOWER,TATAPOWER,TITAN,TECHM,TATAMOTORS,SUNPHARMA,STER,SUNPHARMA,SUNPHARMA,TATAPOWER,TATASTEEL,TATAMOTORS,TECHM,TITAN,TITAN,TATAMOTORS,TATAMOTORS,SUNPHARMA,STER,SUNPHARMA,SUNPHARMA,TATAPOWER,TATASTEEL,TATAMOTORS,TECHM,TITAN,TITAN,TATAMOTORS,TATAMOTORS,STER,SUNPHARMA,SUNPHARMA,SUNPHARMA,TCS,TATAMOTORS,TECHM,TITAN,TITAN,TATAMOTORS,TATAMOTORS
TCS,SUNPHARMA,SUNPHARMA,SUNPHARMA,TATAPOWER,TECHM,TATAPOWER,TATAPOWER,UPL,UPL,TITAN,TATASTEEL,TCS,SUNPHARMA,SUNPHARMA,SUNPHARMA,TATAPOWER,TECHM,TATAPOWER,TATASTEEL,UPL,UPL,TECHM,TATASTEEL,SUZLON,SUNPHARMA,TATAMOTORS,TATAMOTORS,TATASTEEL,TECHM,TATAPOWER,UPL,UPL,UPL,TATASTEEL,TATAMOTORS,SUZLON,SUNPHARMA,TATAMOTORS,TATAMOTORS,TATASTEEL,TECHM,TATAPOWER,UPL,UPL,UPL,TATASTEEL,TATAMOTORS,SUZLON,SUNPHARMA,TATAMOTORS,TATAMOTORS,TATASTEEL,TECHM,UPL,UPL,UPL,UPL,TATASTEEL,TCS,SUNPHARMA,SUNPHARMA,SUNPHARMA,TECHM,TATAPOWER,TATASTEEL,ULTRACEMCO,UPL,TECHM,TATASTEEL,TCS,SUNPHARMA,SUNPHARMA,SUNPHARMA,TATAPOWER,TECHM,TATAPOWER,TATASTEEL,UPL,UPL,TITAN,TATASTEEL,TATAMOTORS,SUNPHARMA,SUNPHARMA,TATAMOTORS,TATAPOWER,TCS,TECHM,TATAPOWER,UPL,UPL,TITAN,TATASTEEL,TCS,SUNPHARMA,SUNPHARMA,SUNPHARMA,TATAPOWER,TECHM,TATAPOWER,TATASTEEL,TATASTEEL,UPL,TITAN,TATASTEEL,SUZLON,SUNPHARMA,TCS,TATAMOTORS,TATASTEEL,TECHM,TATAPOWER,UPL,UPL,UPL,TATASTEEL,TATASTEEL,SUZLON,SUNPHARMA,TATAMOTORS,TATAMOTORS,TATASTEEL,TECHM,TATAPOWER,UPL,UPL,UPL,TATASTEEL,TATASTEEL,SUNPHARMA,TATAMOTORS,TATAMOTORS,TATAMOTORS,TECHM,TATAPOWER,UPL,UPL,UPL,TATASTEEL,TATASTEEL
TATAMOTORS,TCS,TATAMOTORS,TATAMOTORS,TATASTEEL,CAIRN,TATASTEEL,TATASTEEL,ULTRACEMCO,ULTRACEMCO,UPL,TECHM,TATAMOTORS,TATAMOTORS,TATAMOTORS,TATAMOTORS,TATASTEEL,ULTRACEMCO,TATASTEEL,TECHM,ULTRACEMCO,ULTRACEMCO,TITAN,TECHM,TCS,TATAMOTORS,TATAPOWER,TATAPOWER,TCS,ULTRACEMCO,TATASTEEL,ULTRACEMCO,ULTRACEMCO,ULTRACEMCO,TECHM,TATAPOWER,TCS,TATAMOTORS,TATAPOWER,TATAPOWER,TCS,ULTRACEMCO,TATASTEEL,ULTRACEMCO,ULTRACEMCO,ULTRACEMCO,TECHM,TATAPOWER,TCS,TATAMOTORS,TATAPOWER,TATAPOWER,TCS,ULTRACEMCO,ULTRACEMCO,ULTRACEMCO,ULTRACEMCO,ULTRACEMCO,TECHM,TATAMOTORS,TATAMOTORS,TATAMOTORS,TATAMOTORS,ULTRACEMCO,TATASTEEL,TECHM,UPL,ULTRACEMCO,TITAN,TECHM,TATAMOTORS,TATAMOTORS,TATAMOTORS,TATAMOTORS,TATASTEEL,ULTRACEMCO,TATASTEEL,TECHM,ULTRACEMCO,ULTRACEMCO,UPL,TECHM,TATAPOWER,TCS,TCS,TATAPOWER,TATASTEEL,TECHM,ULTRACEMCO,TATASTEEL,ULTRACEMCO,ULTRACEMCO,UPL,TECHM,TATAMOTORS,TATAMOTORS,TATAMOTORS,TCS,TATASTEEL,ULTRACEMCO,TATASTEEL,TECHM,TECHM,ULTRACEMCO,UPL,TECHM,TCS,TATAMOTORS,TATAMOTORS,TATAPOWER,TCS,ULTRACEMCO,TATASTEEL,ULTRACEMCO,ULTRACEMCO,ULTRACEMCO,TECHM,TECHM,TCS,TCS,TATAPOWER,TATAPOWER,TCS,ULTRACEMCO,TATASTEEL,ULTRACEMCO,ULTRACEMCO,ULTRACEMCO,TECHM,TECHM,TATAMOTORS,TATAPOWER,TATAPOWER,TATAPOWER,ULTRACEMCO,TATASTEEL,ULTRACEMCO,ULTRACEMCO,ULTRACEMCO,TECHM,TECHM
TATAPOWER,TATAMOTORS,TATAPOWER,TATAPOWER,TCS,IDEA,TECHM,TECHM,VEDL,VEDL,ULTRACEMCO,TITAN,TATAPOWER,TATAPOWER,TATAPOWER,TATAPOWER,TCS,VEDL,TECHM,ULTRACEMCO,VEDL,VEDL,UPL,TITAN,TATAMOTORS,TATAPOWER,TATASTEEL,TATASTEEL,TECHM,VEDL,TECHM,VEDL,VEDL,VEDL,TITAN,TATASTEEL,TATAMOTORS,TATAPOWER,TATASTEEL,TATASTEEL,TECHM,VEDL,TECHM,VEDL,VEDL,VEDL,TITAN,TATASTEEL,TATAMOTORS,TATAPOWER,TATASTEEL,TATASTEEL,TECHM,VEDL,VEDL,VEDL,VEDL,VEDL,TITAN,TATAPOWER,TATAPOWER,TATAPOWER,TATAPOWER,VEDL,TECHM,ULTRACEMCO,VEDL,VEDL,UPL,TITAN,TATAPOWER,TATAPOWER,TATAPOWER,TATAPOWER,TCS,VEDL,TECHM,ULTRACEMCO,VEDL,VEDL,ULTRACEMCO,TITAN,TATASTEEL,TATAMOTORS,TATAMOTORS,TATASTEEL,TCS,ULTRACEMCO,VEDL,TECHM,VEDL,VEDL,ULTRACEMCO,TITAN,TATAPOWER,TATAPOWER,TATAPOWER,TATAMOTORS,TCS,VEDL,TECHM,ULTRACEMCO,ULTRACEMCO,VEDL,ULTRACEMCO,TITAN,TATAMOTORS,TATAPOWER,TATAPOWER,TATASTEEL,TECHM,VEDL,TECHM,VEDL,VEDL,VEDL,TITAN,TITAN,TATAMOTORS,TATAMOTORS,TATASTEEL,TATASTEEL,TECHM,VEDL,TECHM,VEDL,VEDL,VEDL,TITAN,TITAN,TATAPOWER,TATASTEEL,TATASTEEL,TATASTEEL,VEDL,TECHM,VEDL,VEDL,VEDL,TITAN,TITAN
TATASTEEL,TATAPOWER,TATASTEEL,TATASTEEL,TECHM,POWERGRID,ULTRACEMCO,ULTRACEMCO,WIPRO,WIPRO,VEDL,UPL,TATASTEEL,TATASTEEL,TATASTEEL,TATASTEEL,TECHM,WIPRO,ULTRACEMCO,VEDL,WIPRO,WIPRO,ULTRACEMCO,UPL,TATAPOWER,TATASTEEL,TCS,TCS,ULTRACEMCO,WIPRO,ULTRACEMCO,WIPRO,WIPRO,WIPRO,UPL,TCS,TATAPOWER,TATASTEEL,TCS,TCS,ULTRACEMCO,WIPRO,ULTRACEMCO,WIPRO,WIPRO,WIPRO,UPL,TCS,TATAPOWER,TATASTEEL,TCS,TCS,ULTRACEMCO,WIPRO,WIPRO,WIPRO,WIPRO,WIPRO,UPL,TATASTEEL,TATASTEEL,TATASTEEL,TATASTEEL,WIPRO,ULTRACEMCO,VEDL,WIPRO,WIPRO,ULTRACEMCO,UPL,TATASTEEL,TATASTEEL,TATASTEEL,TATASTEEL,TECHM,WIPRO,ULTRACEMCO,VEDL,WIPRO,WIPRO,VEDL,UPL,TCS,TATAPOWER,TATAPOWER,ULTRACEMCO,TECHM,WIPRO,WIPRO,ULTRACEMCO,WIPRO,WIPRO,VEDL,UPL,TATASTEEL,TATASTEEL,TATASTEEL,TATAPOWER,TECHM,WIPRO,ULTRACEMCO,VEDL,VEDL,WIPRO,VEDL,UPL,TATAPOWER,TATASTEEL,TATASTEEL,TCS,ULTRACEMCO,WIPRO,ULTRACEMCO,WIPRO,WIPRO,WIPRO,UPL,UPL,TATAPOWER,TATAPOWER,TCS,TCS,ULTRACEMCO,WIPRO,ULTRACEMCO,WIPRO,WIPRO,WIPRO,UPL,UPL,TATASTEEL,TCS,TCS,TCS,WIPRO,ULTRACEMCO,WIPRO,WIPRO,WIPRO,UPL,UPL
UNITECH,TATASTEEL,TCS,TCS,ULTRACEMCO,NMDC,WIPRO,WIPRO,YESBANK,YESBANK,WIPRO,ULTRACEMCO,UNITECH,TCS,TCS,TCS,ULTRACEMCO,YESBANK,WIPRO,WIPRO,YESBANK,YESBANK,WIPRO,ULTRACEMCO,TATASTEEL,TCS,ULTRACEMCO,ULTRACEMCO,WIPRO,YESBANK,WIPRO,YESBANK,YESBANK,YESBANK,ULTRACEMCO,UNITECH,TATASTEEL,TCS,ULTRACEMCO,ULTRACEMCO,WIPRO,YESBANK,WIPRO,YESBANK,YESBANK,YESBANK,ULTRACEMCO,UNITECH,TATASTEEL,TCS,ULTRACEMCO,ULTRACEMCO,WIPRO,YESBANK,YESBANK,YESBANK,YESBANK,YESBANK,ULTRACEMCO,UNITECH,TCS,TCS,TCS,YESBANK,WIPRO,WIPRO,YESBANK,YESBANK,WIPRO,ULTRACEMCO,UNITECH,TCS,TCS,TCS,ULTRACEMCO,YESBANK,WIPRO,WIPRO,YESBANK,YESBANK,WIPRO,ULTRACEMCO,UNITECH,TATASTEEL,TATASTEEL,SSLT,ULTRACEMCO,YESBANK,YESBANK,WIPRO,YESBANK,YESBANK,WIPRO,ULTRACEMCO,UNITECH,TCS,TCS,TATASTEEL,ULTRACEMCO,YESBANK,WIPRO,WIPRO,WIPRO,YESBANK,WIPRO,ULTRACEMCO,TATASTEEL,TCS,ULTRACEMCO,ULTRACEMCO,WIPRO,YESBANK,WIPRO,YESBANK,YESBANK,YESBANK,ULTRACEMCO,ULTRACEMCO,TATASTEEL,TATASTEEL,ULTRACEMCO,ULTRACEMCO,WIPRO,YESBANK,WIPRO,YESBANK,YESBANK,YESBANK,ULTRACEMCO,ULTRACEMCO,TCS,ULTRACEMCO,ULTRACEMCO,ULTRACEMCO,YESBANK,WIPRO,YESBANK,YESBANK,YESBANK,ULTRACEMCO,ULTRACEMCO
WIPRO,WIPRO,WIPRO,ULTRACEMCO,WIPRO,COALINDIA,YESBANK,YESBANK,ZEEL,ZEEL,ZEEL,WIPRO,WIPRO,WIPRO,WIPRO,ULTRACEMCO,WIPRO,ZEEL,YESBANK,YESBANK,ZEEL,ZEEL,ZEEL,WIPRO,WIPRO,WIPRO,WIPRO,WIPRO,ZEEL,ZEEL,YESBANK,ZEEL,ZEEL,ZEEL,WIPRO,WIPRO,WIPRO,WIPRO,WIPRO,WIPRO,ZEEL,ZEEL,YESBANK,ZEEL,ZEEL,ZEEL,WIPRO,WIPRO,WIPRO,WIPRO,WIPRO,WIPRO,ZEEL,ZEEL,ZEEL,ZEEL,ZEEL,ZEEL,WIPRO,WIPRO,WIPRO,ULTRACEMCO,ZEEL,ZEEL,YESBANK,ZEEL,ZEEL,ZEEL,ZEEL,WIPRO,WIPRO,WIPRO,ULTRACEMCO,WIPRO,ZEEL,ZEEL,YESBANK,ZEEL,ZEEL,ZEEL,WIPRO,WIPRO,WIPRO,WIPRO,WIPRO,WIPRO,ZEEL,ZEEL,ZEEL,ZEEL,ZEEL,ZEEL,ZEEL,WIPRO,WIPRO,WIPRO,ULTRACEMCO,WIPRO,ZEEL,ZEEL,YESBANK,YESBANK,ZEEL,ZEEL,WIPRO,WIPRO,WIPRO,WIPRO,WIPRO,ZEEL,ZEEL,ZEEL,ZEEL,ZEEL,ZEEL,WIPRO,WIPRO,WIPRO,WIPRO,WIPRO,ZEEL,ZEEL,YESBANK,ZEEL,ZEEL,ZEEL,WIPRO,WIPRO,WIPRO,WIPRO,WIPRO,WIPRO,ZEEL,YESBANK,ZEEL,ZEEL,ZEEL,ZEEL,ZEEL,WIPRO,WIPRO
